Strain,Expt,Replicate,mut_colonies
alpha54,3_24_1,1,13
alpha54,3_24_1,2,1
alpha54,3_24_1,3,0
alpha54,3_24_1,4,0
alpha54,3_24_1,5,2
alpha54,3_24_1,6,0
alpha54,3_24_1,7,0
alpha54,3_24_1,8,1
alpha54,3_24_1,9,0
alpha54,3_24_1,10,0
alpha54,3_24_1,11,0
alpha54,3_24_1,12,0
alpha54,3_24_1,13,0
alpha54,3_24_1,14,1
alpha54,3_24_1,15,1
alpha54,3_24_1,16,2
alpha54,3_24_1,17,0
alpha54,3_24_1,18,0
alpha54,3_24_1,19,3
alpha54,3_24_1,20,0
alpha54,3_24_1,21,1
alpha54,3_24_1,22,0
alpha54,3_24_1,23,2
alpha54,3_24_1,24,0
alpha54,3_24_1,25,3
alpha54,3_24_1,26,10
alpha54,3_24_1,27,0
alpha54,3_24_1,28,0
alpha54,3_24_1,29,0
alpha54,3_24_1,30,0
alpha54,3_24_1,31,1
alpha54,3_24_1,32,0
alpha54,3_24_1,33,0
alpha54,3_24_1,34,3
alpha54,3_24_1,35,1
alpha54,3_24_1,36,0
alpha54,3_24_1,37,0
alpha54,3_24_1,38,2
alpha54,3_24_1,39,0
alpha54,3_24_1,40,0
alpha54,3_24_1,41,0
alpha54,3_24_1,42,1
alpha54,3_24_1,43,0
alpha54,3_24_1,44,2
alpha54,3_24_1,45,0
alpha54,3_24_1,46,0
alpha54,3_24_1,47,1
alpha54,3_24_1,48,0
alpha54,3_24_1,49,0
alpha54,3_24_1,50,0
alpha54,3_24_1,51,1
alpha54,3_24_1,52,0
alpha54,3_24_1,53,0
alpha54,3_24_1,54,0
alpha54,3_24_1,55,2
alpha54,3_24_1,56,0
alpha54,3_24_1,57,1
alpha54,3_24_1,58,0
alpha54,3_24_1,59,0
alpha54,3_24_1,60,0
alpha54,3_24_1,61,0
alpha54,3_24_1,62,0
alpha54,3_24_1,63,2
alpha54,3_24_1,64,0
alpha54,3_24_1,65,0
alpha54,3_24_1,66,2
alpha54,3_24_1,67,1
alpha54,3_24_1,68,0
alpha54,3_24_1,69,0
alpha54,3_24_1,70,17
alpha54,3_24_1,71,3
alpha54,3_24_1,72,0
alpha54,3_24_1,73,2
alpha54,3_24_1,74,2
alpha54,3_24_1,75,0
alpha54,3_24_1,76,0
alpha54,3_24_1,77,0
alpha54,3_24_1,78,1
alpha54,3_24_1,79,0
alpha54,3_24_1,80,0
alpha54,3_24_1,81,0
alpha54,3_24_1,82,0
alpha54,3_24_1,83,19
alpha54,3_24_1,84,0
alpha54,3_24_1,85,1
alpha54,3_24_1,86,0
alpha54,3_24_1,87,4
alpha54,3_24_1,88,2
alpha54,3_24_1,89,5
alpha54,3_24_1,90,4
alpha54,3_24_1,91,3
alpha54,3_24_1,92,1
alpha54,3_24_1,93,1
alpha54,3_24_1,94,0
alpha54,3_24_1,95,0
alpha54,3_24_1,96,0
alpha54,3_24_2,1,2
alpha54,3_24_2,2,1
alpha54,3_24_2,3,1
alpha54,3_24_2,4,0
alpha54,3_24_2,5,3
alpha54,3_24_2,6,0
alpha54,3_24_2,7,0
alpha54,3_24_2,8,0
alpha54,3_24_2,9,0
alpha54,3_24_2,10,0
alpha54,3_24_2,11,0
alpha54,3_24_2,12,3
alpha54,3_24_2,13,2
alpha54,3_24_2,14,0
alpha54,3_24_2,15,0
alpha54,3_24_2,16,3
alpha54,3_24_2,17,0
alpha54,3_24_2,18,1
alpha54,3_24_2,19,1
alpha54,3_24_2,20,0
alpha54,3_24_2,21,1
alpha54,3_24_2,22,8
alpha54,3_24_2,23,3
alpha54,3_24_2,24,18
alpha54,3_24_2,25,0
alpha54,3_24_2,26,2
alpha54,3_24_2,27,0
alpha54,3_24_2,28,3
alpha54,3_24_2,29,0
alpha54,3_24_2,30,1
alpha54,3_24_2,31,0
alpha54,3_24_2,32,2
alpha54,3_24_2,33,2
alpha54,3_24_2,34,0
alpha54,3_24_2,35,0
alpha54,3_24_2,36,11
alpha54,3_24_2,37,0
alpha54,3_24_2,38,0
alpha54,3_24_2,39,4
alpha54,3_24_2,40,2
alpha54,3_24_2,41,1
alpha54,3_24_2,42,0
alpha54,3_24_2,43,0
alpha54,3_24_2,44,0
alpha54,3_24_2,45,0
alpha54,3_24_2,46,4
alpha54,3_24_2,47,0
alpha54,3_24_2,48,8
alpha54,3_24_2,49,1
alpha54,3_24_2,50,0
alpha54,3_24_2,51,0
alpha54,3_24_2,52,0
alpha54,3_24_2,53,0
alpha54,3_24_2,54,1
alpha54,3_24_2,55,3
alpha54,3_24_2,56,0
alpha54,3_24_2,57,0
alpha54,3_24_2,58,1
alpha54,3_24_2,59,0
alpha54,3_24_2,60,0
alpha54,3_24_2,61,0
alpha54,3_24_2,62,0
alpha54,3_24_2,63,0
alpha54,3_24_2,64,0
alpha54,3_24_2,65,0
alpha54,3_24_2,66,4
alpha54,3_24_2,67,0
alpha54,3_24_2,68,2
alpha54,3_24_2,69,0
alpha54,3_24_2,70,1
alpha54,3_24_2,71,6
alpha54,3_24_2,72,1
alpha54,3_24_2,73,0
alpha54,3_24_2,74,1
alpha54,3_24_2,75,1
alpha54,3_24_2,76,0
alpha54,3_24_2,77,0
alpha54,3_24_2,78,8
alpha54,3_24_2,79,0
alpha54,3_24_2,80,1
alpha54,3_24_2,81,1
alpha54,3_24_2,82,0
alpha54,3_24_2,83,0
alpha54,3_24_2,84,1
alpha54,3_24_2,85,0
alpha54,3_24_2,86,1
alpha54,3_24_2,87,0
alpha54,3_24_2,88,0
alpha54,3_24_2,89,0
alpha54,3_24_2,90,2
alpha54,3_24_2,91,0
alpha54,3_24_2,92,0
alpha54,3_24_2,93,2
alpha54,3_24_2,94,2
alpha54,3_24_2,95,9
alpha54,3_24_2,96,1
AAR,7_25_1,1,15
AAR,7_25_1,2,10
AAR,7_25_1,3,5
AAR,7_25_1,4,12
AAR,7_25_1,5,9
AAR,7_25_1,6,6
AAR,7_25_1,7,9
AAR,7_25_1,8,8
AAR,7_25_1,9,10
AAR,7_25_1,10,7
AAR,7_25_1,11,6
AAR,7_25_1,12,6
AAR,7_25_1,13,14
AAR,7_25_1,14,5
AAR,7_25_1,15,11
AAR,7_25_1,16,6
AAR,7_25_1,17,400
AAR,7_25_1,18,5
AAR,7_25_1,19,14
AAR,7_25_1,20,12
AAR,7_25_1,21,8
AAR,7_25_1,22,10
AAR,7_25_1,23,2
AAR,7_25_1,24,6
AAR,7_25_1,25,5
AAR,7_25_1,26,4
AAR,7_25_1,27,7
AAR,7_25_1,28,6
AAR,7_25_1,29,6
AAR,7_25_1,30,8
AAR,7_25_1,31,9
AAR,7_25_1,32,9
AAR,7_25_1,33,4
AAR,7_25_1,34,8
AAR,7_25_1,35,6
AAR,7_25_1,36,4
AAR,7_25_1,37,7
AAR,7_25_1,38,10
AAR,7_25_1,39,2
AAR,7_25_1,40,4
AAR,7_25_1,41,8
AAR,7_25_1,42,6
AAR,7_25_1,43,5
AAR,7_25_1,44,4
AAR,7_25_1,45,5
AAR,7_25_1,46,6
AAR,7_25_1,47,9
AAR,7_25_1,48,3
AAR,7_25_2,1,7
AAR,7_25_2,2,6
AAR,7_25_2,3,14
AAR,7_25_2,4,7
AAR,7_25_2,5,4
AAR,7_25_2,6,7
AAR,7_25_2,7,5
AAR,7_25_2,8,8
AAR,7_25_2,9,8
AAR,7_25_2,10,12
AAR,7_25_2,11,12
AAR,7_25_2,12,8
AAR,7_25_2,13,2
AAR,7_25_2,14,10
AAR,7_25_2,15,14
AAR,7_25_2,16,12
AAR,7_25_2,17,14
AAR,7_25_2,18,9
AAR,7_25_2,19,6
AAR,7_25_2,20,11
AAR,7_25_2,21,9
AAR,7_25_2,22,10
AAR,7_25_2,23,5
AEF,8_17_1,1,1
AEF,8_17_1,2,1
AEF,8_17_1,3,0
AEF,8_17_1,4,5
AEF,8_17_1,5,0
AEF,8_17_1,6,1
AEF,8_17_1,7,0
AEF,8_17_1,8,0
AEF,8_17_1,9,0
AEF,8_17_1,10,1
AEF,8_17_1,11,2
AEF,8_17_1,12,2
AEF,8_17_1,13,0
AEF,8_17_1,14,4
AEF,8_17_1,15,0
AEF,8_17_1,16,4
AEF,8_17_1,17,1
AEF,8_17_1,18,2
AEF,8_17_1,19,1
AEF,8_17_1,20,1
AEF,8_17_1,21,14
AEF,8_17_1,22,5
AEF,8_17_1,23,10
AEF,8_17_1,24,1
AEF,8_17_1,25,11
AEF,8_17_1,26,2
AEF,8_17_1,27,0
AEF,8_17_1,28,2
AEF,8_17_1,29,1
AEF,8_17_1,30,2
AEF,8_17_1,31,0
AEF,8_17_1,32,3
AEF,8_17_1,33,2
AEF,8_17_1,34,0
AEF,8_17_1,35,1
AEF,8_17_1,36,3
AEF,8_17_1,37,1
AEF,8_17_1,38,1
AEF,8_17_1,39,2
AEF,8_17_1,40,15
AEF,8_17_1,41,1
AEF,8_17_1,42,3
AEF,8_17_1,43,12
AEF,8_17_1,44,0
AEF,8_17_1,45,0
AEF,8_17_1,46,0
AEF,8_17_1,47,0
AEF,8_17_1,48,1
AEF,8_17_1,49,2
AEF,8_17_1,50,3
AEF,8_17_1,51,1
AEF,8_17_1,52,5
AEF,8_17_1,53,0
AEF,8_17_1,54,0
AEF,8_17_1,55,0
AEF,8_17_1,56,1
AEF,8_17_1,57,12
AEF,8_17_1,58,4
AEF,8_17_1,59,4
AEF,8_17_1,60,2
AEF,8_17_1,61,3
AEF,8_17_1,62,0
AEF,8_17_1,63,0
AEF,8_17_1,64,3
AEF,8_17_1,65,0
AEF,8_17_1,66,0
AEF,8_17_1,67,3
AEF,8_17_1,68,0
AEF,8_17_1,69,2
AEF,8_17_1,70,1
AEF,8_17_1,71,4
AEF,8_17_1,72,1
AEF,8_17_2,1,1
AEF,8_17_2,2,1
AEF,8_17_2,3,0
AEF,8_17_2,4,7
AEF,8_17_2,5,1
AEF,8_17_2,6,1
AEF,8_17_2,7,3
AEF,8_17_2,8,2
AEF,8_17_2,9,2
AEF,8_17_2,10,0
AEF,8_17_2,11,1
AEF,8_17_2,12,1
AEF,8_17_2,13,6
AEF,8_17_2,14,2
AEF,8_17_2,15,1
AEF,8_17_2,16,1
AEF,8_17_2,17,5
AEF,8_17_2,18,1
AEF,8_17_2,19,0
AEF,8_17_2,20,3
AEF,8_17_2,21,1
AEF,8_17_2,22,1
AEF,8_17_2,23,2
AEF,8_17_2,24,1
AEF,8_17_2,25,2
AEF,8_17_2,26,6
AEF,8_17_2,27,0
AEF,8_17_2,28,1
AEF,8_17_2,29,3
AEF,8_17_2,30,0
AEF,8_17_2,31,5
AEF,8_17_2,32,4
AEF,8_17_2,33,1
AEF,8_17_2,34,0
AEF,8_17_2,35,3
AEF,8_17_2,36,2
AEF,8_17_2,37,2
AEF,8_17_2,38,1
AEF,8_17_2,39,1
AEF,8_17_2,40,0
AEF,8_17_2,41,2
AEF,8_17_2,42,1
AEF,8_17_2,43,1
AEF,8_17_2,44,6
AEF,8_17_2,45,3
AEF,8_17_2,46,1
AEF,8_17_2,47,1
AEF,8_17_2,48,2
AEF,8_17_2,49,2
AEF,8_17_2,50,3
AEF,8_17_2,51,2
AEF,8_17_2,52,0
AEF,8_17_2,53,1
AEF,8_17_2,54,2
AEF,8_17_2,55,2
AEF,8_17_2,56,1
AEF,8_17_2,57,3
AEF,8_17_2,58,12
AEF,8_17_2,59,2
AEF,8_17_2,60,1
AEF,8_17_2,61,7
AEF,8_17_2,62,1
AEF,8_17_2,63,2
AEF,8_17_2,64,1
AEF,8_17_2,65,1
AEF,8_17_2,66,0
AEF,8_17_2,67,1
AEF,8_17_2,68,5
AEF,8_17_2,69,1
AEF,8_17_2,70,1
AEF,8_17_2,71,1
AEF,8_17_2,72,0
AHC,8_17_1,1,0
AHC,8_17_1,2,1
AHC,8_17_1,3,2
AHC,8_17_1,4,7
AHC,8_17_1,5,0
AHC,8_17_1,6,2
AHC,8_17_1,7,1
AHC,8_17_1,8,1
AHC,8_17_1,9,1
AHC,8_17_1,10,1
AHC,8_17_1,11,1
AHC,8_17_1,12,2
AHC,8_17_1,13,0
AHC,8_17_1,14,1
AHC,8_17_1,15,0
AHC,8_17_1,16,0
AHC,8_17_1,17,2
AHC,8_17_1,18,1
AHC,8_17_1,19,0
AHC,8_17_1,20,0
AHC,8_17_1,21,4
AHC,8_17_1,22,9
AHC,8_17_1,23,1
AHC,8_17_1,24,0
AHC,8_17_1,25,1
AHC,8_17_1,26,0
AHC,8_17_1,27,0
AHC,8_17_1,28,1
AHC,8_17_1,29,4
AHC,8_17_1,30,1
AHC,8_17_1,31,0
AHC,8_17_1,32,0
AHC,8_17_1,33,2
AHC,8_17_1,34,3
AHC,8_17_1,35,2
AHC,8_17_1,36,1
AHC,8_17_1,37,1
AHC,8_17_1,38,2
AHC,8_17_1,39,1
AHC,8_17_1,40,2
AHC,8_17_1,41,1
AHC,8_17_1,42,4
AHC,8_17_1,43,0
AHC,8_17_1,44,2
AHC,8_17_1,45,0
AHC,8_17_1,46,1
AHC,8_17_1,47,2
AHC,8_17_1,48,0
AHC,8_17_1,49,0
AHC,8_17_1,50,3
AHC,8_17_1,51,1
AHC,8_17_1,52,0
AHC,8_17_1,53,3
AHC,8_17_1,54,1
AHC,8_17_1,55,1
AHC,8_17_1,56,3
AHC,8_17_1,57,1
AHC,8_17_1,58,2
AHC,8_17_1,59,0
AHC,8_17_1,60,1
AHC,8_17_1,61,0
AHC,8_17_1,62,2
AHC,8_17_1,63,1
AHC,8_17_1,64,3
AHC,8_17_1,65,0
AHC,8_17_1,66,7
AHC,8_17_1,67,0
AHC,8_17_1,68,1
AHC,8_17_1,69,0
AHC,8_17_1,70,0
AHC,8_17_1,71,1
AHC,8_17_1,72,4
AHC,8_17_2,1,0
AHC,8_17_2,2,1
AHC,8_17_2,3,0
AHC,8_17_2,4,1
AHC,8_17_2,5,29
AHC,8_17_2,6,0
AHC,8_17_2,7,1
AHC,8_17_2,8,0
AHC,8_17_2,9,3
AHC,8_17_2,10,0
AHC,8_17_2,11,5
AHC,8_17_2,12,1
AHC,8_17_2,13,6
AHC,8_17_2,14,2
AHC,8_17_2,15,0
AHC,8_17_2,16,6
AHC,8_17_2,17,0
AHC,8_17_2,18,2
AHC,8_17_2,19,1
AHC,8_17_2,20,0
AHC,8_17_2,21,1
AHC,8_17_2,22,2
AHC,8_17_2,23,1
AHC,8_17_2,24,2
AHC,8_17_2,25,2
AHC,8_17_2,26,2
AHC,8_17_2,27,0
AHC,8_17_2,28,0
AHC,8_17_2,29,3
AHC,8_17_2,30,0
AHC,8_17_2,31,2
AHC,8_17_2,32,4
AHC,8_17_2,33,0
AHC,8_17_2,34,2
AHC,8_17_2,35,3
AHC,8_17_2,36,3
AHC,8_17_2,37,0
AHC,8_17_2,38,20
AHC,8_17_2,39,2
AHC,8_17_2,40,0
AHC,8_17_2,41,2
AHC,8_17_2,42,1
AHC,8_17_2,43,0
AHC,8_17_2,44,4
AHC,8_17_2,45,2
AHC,8_17_2,46,7
AHC,8_17_2,47,0
AHC,8_17_2,48,1
AHC,8_17_2,49,1
AHC,8_17_2,50,7
AHC,8_17_2,51,0
AHC,8_17_2,52,2
AHC,8_17_2,53,4
AHC,8_17_2,54,1
AHC,8_17_2,55,0
AHC,8_17_2,56,2
AHC,8_17_2,57,0
AHC,8_17_2,58,1
AHC,8_17_2,59,2
AHC,8_17_2,60,0
AHC,8_17_2,61,1
AHC,8_17_2,62,4
AHC,8_17_2,63,3
AHC,8_17_2,64,0
AHC,8_17_2,65,1
AHC,8_17_2,66,1
AHC,8_17_2,67,3
AHC,8_17_2,68,3
AHC,8_17_2,69,3
AHC,8_17_2,70,9
AHC,8_17_2,71,1
AHC,8_17_2,72,2
ADN,8_17_1,1,4
ADN,8_17_1,2,1
ADN,8_17_1,3,0
ADN,8_17_1,4,0
ADN,8_17_1,5,0
ADN,8_17_1,6,4
ADN,8_17_1,7,5
ADN,8_17_1,8,2
ADN,8_17_1,9,2
ADN,8_17_1,10,2
ADN,8_17_1,11,2
ADN,8_17_1,12,3
ADN,8_17_1,13,3
ADN,8_17_1,14,3
ADN,8_17_1,15,2
ADN,8_17_1,16,0
ADN,8_17_1,17,0
ADN,8_17_1,18,1
ADN,8_17_1,19,2
ADN,8_17_1,20,2
ADN,8_17_1,21,4
ADN,8_17_1,22,3
ADN,8_17_1,23,3
ADN,8_17_1,24,0
ADN,8_17_1,25,2
ADN,8_17_1,26,2
ADN,8_17_1,27,0
ADN,8_17_1,28,3
ADN,8_17_1,29,1
ADN,8_17_1,30,4
ADN,8_17_1,31,5
ADN,8_17_1,32,2
ADN,8_17_1,33,1
ADN,8_17_1,34,6
ADN,8_17_1,35,6
ADN,8_17_1,36,5
ADN,8_17_1,37,3
ADN,8_17_1,38,0
ADN,8_17_1,39,2
ADN,8_17_1,40,2
ADN,8_17_1,41,3
ADN,8_17_1,42,1
ADN,8_17_1,43,2
ADN,8_17_1,44,1
ADN,8_17_1,45,1
ADN,8_17_1,46,6
ADN,8_17_1,47,4
ADN,8_17_1,48,3
ADN,8_17_1,49,2
ADN,8_17_1,50,1
ADN,8_17_1,51,1
ADN,8_17_1,52,0
ADN,8_17_1,53,3
ADN,8_17_1,54,1
ADN,8_17_1,55,0
ADN,8_17_1,56,2
ADN,8_17_1,57,2
ADN,8_17_1,58,3
ADN,8_17_1,59,0
ADN,8_17_1,60,3
ADN,8_17_1,61,2
ADN,8_17_1,62,2
ADN,8_17_1,63,4
ADN,8_17_1,64,3
ADN,8_17_1,65,1
ADN,8_17_1,66,1
ADN,8_17_1,67,2
ADN,8_17_1,68,4
ADN,8_17_1,69,2
ADN,8_17_1,70,1
ADN,8_17_1,71,1
ADN,8_17_1,72,2
ADN,8_17_2,1,1
ADN,8_17_2,2,3
ADN,8_17_2,3,5
ADN,8_17_2,4,2
ADN,8_17_2,5,0
ADN,8_17_2,6,1
ADN,8_17_2,7,2
ADN,8_17_2,8,2
ADN,8_17_2,9,2
ADN,8_17_2,10,6
ADN,8_17_2,11,7
ADN,8_17_2,12,0
ADN,8_17_2,13,2
ADN,8_17_2,14,2
ADN,8_17_2,15,1
ADN,8_17_2,16,4
ADN,8_17_2,17,1
ADN,8_17_2,18,3
ADN,8_17_2,19,5
ADN,8_17_2,20,0
ADN,8_17_2,21,1
ADN,8_17_2,22,4
ADN,8_17_2,23,2
ADN,8_17_2,24,1
ADN,8_17_2,25,2
ADN,8_17_2,26,3
ADN,8_17_2,27,2
ADN,8_17_2,28,3
ADN,8_17_2,29,1
ADN,8_17_2,30,0
ADN,8_17_2,31,1
ADN,8_17_2,32,1
ADN,8_17_2,33,2
ADN,8_17_2,34,5
ADN,8_17_2,35,3
ADN,8_17_2,36,0
ADN,8_17_2,37,1
ADN,8_17_2,38,1
ADN,8_17_2,39,2
ADN,8_17_2,40,1
ADN,8_17_2,41,2
ADN,8_17_2,42,2
ADN,8_17_2,43,1
ADN,8_17_2,44,3
ADN,8_17_2,45,4
ADN,8_17_2,46,0
ADN,8_17_2,47,2
ADN,8_17_2,48,2
ADN,8_17_2,49,3
ADN,8_17_2,50,2
ADN,8_17_2,51,2
ADN,8_17_2,52,0
ADN,8_17_2,53,9
ADN,8_17_2,54,2
ADN,8_17_2,55,1
ADN,8_17_2,56,1
ADN,8_17_2,57,1
ADN,8_17_2,58,2
ADN,8_17_2,59,0
ADN,8_17_2,60,8
ADN,8_17_2,61,2
ADN,8_17_2,62,4
ADN,8_17_2,63,0
ADN,8_17_2,64,3
ADN,8_17_2,65,1
ADN,8_17_2,66,0
ADN,8_17_2,67,0
ADN,8_17_2,68,0
ADN,8_17_2,69,4
ADN,8_17_2,70,0
ADN,8_17_2,71,0
ADN,8_17_2,72,0
AAI,8_17_1,1,4
AAI,8_17_1,2,5
AAI,8_17_1,3,3
AAI,8_17_1,4,5
AAI,8_17_1,5,3
AAI,8_17_1,6,3
AAI,8_17_1,7,3
AAI,8_17_1,8,5
AAI,8_17_1,9,2
AAI,8_17_1,10,2
AAI,8_17_1,11,4
AAI,8_17_1,12,15
AAI,8_17_1,13,13
AAI,8_17_1,14,5
AAI,8_17_1,15,12
AAI,8_17_1,16,4
AAI,8_17_1,17,7
AAI,8_17_1,18,5
AAI,8_17_1,19,5
AAI,8_17_1,20,7
AAI,8_17_1,21,6
AAI,8_17_1,22,7
AAI,8_17_1,23,4
AAI,8_17_1,24,3
AAI,8_17_1,25,2
AAI,8_17_1,26,6
AAI,8_17_1,27,5
AAI,8_17_1,28,3
AAI,8_17_1,29,4
AAI,8_17_1,30,21
AAI,8_17_1,31,3
AAI,8_17_1,32,5
AAI,8_17_1,33,3
AAI,8_17_1,34,3
AAI,8_17_1,35,2
AAI,8_17_1,36,6
AAI,8_17_1,37,4
AAI,8_17_1,38,2
AAI,8_17_1,39,8
AAI,8_17_1,40,5
AAI,8_17_1,41,3
AAI,8_17_1,42,1
AAI,8_17_1,43,5
AAI,8_17_1,44,6
AAI,8_17_1,45,11
AAI,8_17_1,46,1
AAI,8_17_1,47,3
AAI,8_17_1,48,5
AAI,8_17_1,49,3
AAI,8_17_1,50,11
AAI,8_17_1,51,4
AAI,8_17_1,52,6
AAI,8_17_1,53,4
AAI,8_17_1,54,2
AAI,8_17_1,55,1
AAI,8_17_1,56,1
AAI,8_17_1,57,4
AAI,8_17_1,58,6
AAI,8_17_1,59,4
AAI,8_17_1,60,5
AAI,8_17_1,61,7
AAI,8_17_1,62,4
AAI,8_17_1,63,6
AAI,8_17_1,64,3
AAI,8_17_1,65,3
AAI,8_17_1,66,3
AAI,8_17_1,67,4
AAI,8_17_1,68,3
AAI,8_17_1,69,3
AAI,8_17_1,70,3
AAI,8_17_1,71,3
AAI,8_17_1,72,3
AAI,8_17_2,1,2
AAI,8_17_2,2,3
AAI,8_17_2,3,3
AAI,8_17_2,4,2
AAI,8_17_2,5,6
AAI,8_17_2,6,2
AAI,8_17_2,7,3
AAI,8_17_2,8,2
AAI,8_17_2,9,6
AAI,8_17_2,10,3
AAI,8_17_2,11,3
AAI,8_17_2,12,3
AAI,8_17_2,13,14
AAI,8_17_2,14,9
AAI,8_17_2,15,9
AAI,8_17_2,16,3
AAI,8_17_2,17,3
AAI,8_17_2,18,3
AAI,8_17_2,19,5
AAI,8_17_2,20,3
AAI,8_17_2,21,6
AAI,8_17_2,22,5
AAI,8_17_2,23,2
AAI,8_17_2,24,4
AAI,8_17_2,25,3
AAI,8_17_2,26,4
AAI,8_17_2,27,4
AAI,8_17_2,28,3
AAI,8_17_2,29,5
AAI,8_17_2,30,3
AAI,8_17_2,31,12
AAI,8_17_2,32,6
AAI,8_17_2,33,5
AAI,8_17_2,34,6
AAI,8_17_2,35,4
AAI,8_17_2,36,4
AAI,8_17_2,37,10
AAI,8_17_2,38,3
AAI,8_17_2,39,4
AAI,8_17_2,40,4
AAI,8_17_2,41,19
AAI,8_17_2,42,2
AAI,8_17_2,43,0
AAI,8_17_2,44,4
AAI,8_17_2,45,4
AAI,8_17_2,46,2
AAI,8_17_2,47,5
AAI,8_17_2,48,4
AAI,8_17_2,49,2
AAI,8_17_2,50,4
AAI,8_17_2,51,1
AAI,8_17_2,52,4
AAI,8_17_2,53,3
AAI,8_17_2,54,10
AAI,8_17_2,55,5
AAI,8_17_2,56,2
AAI,8_17_2,57,6
AAI,8_17_2,58,6
AAI,8_17_2,59,6
AAI,8_17_2,60,5
AAI,8_17_2,61,2
AAI,8_17_2,62,4
AAI,8_17_2,63,8
AAI,8_17_2,64,2
AAI,8_17_2,65,5
AAI,8_17_2,66,1
AAI,8_17_2,67,2
AAI,8_17_2,68,3
AAI,8_17_2,69,6
AAI,8_17_2,70,7
AAI,8_17_2,71,2
AAI,8_17_2,72,1
AAI,8_17_3,1,6
AAI,8_17_3,2,3
AAI,8_17_3,3,2
AAI,8_17_3,4,6
AAI,8_17_3,5,1
AAI,8_17_3,6,4
AAI,8_17_3,7,2
AAI,8_17_3,8,22
AAI,8_17_3,9,4
AAI,8_17_3,10,3
AAI,8_17_3,11,7
AAI,8_17_3,12,2
AAI,8_17_3,13,2
AAI,8_17_3,14,5
AAI,8_17_3,15,5
AAI,8_17_3,16,8
AAI,8_17_3,17,5
AAI,8_17_3,18,2
AAI,8_17_3,19,4
AAI,8_17_3,20,4
AAI,8_17_3,21,11
AAI,8_17_3,22,3
AAI,8_17_3,23,5
AAI,8_17_3,24,3
AAI,8_17_3,25,3
AAI,8_17_3,26,0
AAI,8_17_3,27,6
AAI,8_17_3,28,2
AAI,8_17_3,29,4
AAI,8_17_3,30,1
AAI,8_17_3,31,180
AAI,8_17_3,32,4
AAI,8_17_3,33,2
AAI,8_17_3,34,3
AAI,8_17_3,35,4
AAI,8_17_3,36,5
AAI,8_17_3,37,10
AAI,8_17_3,38,6
AAI,8_17_3,39,5
AAI,8_17_3,40,9
AAI,8_17_3,41,5
AAI,8_17_3,42,6
AAI,8_17_3,43,4
AAI,8_17_3,44,8
AAI,8_17_3,45,6
AAI,8_17_3,46,24
AAI,8_17_3,47,4
AAI,8_17_3,48,7
AAI,8_17_3,49,4
AAI,8_17_3,50,4
AAI,8_17_3,51,7
AAI,8_17_3,52,3
AAI,8_17_3,53,3
AAI,8_17_3,54,2
AAI,8_17_3,55,13
AAI,8_17_3,56,1
AAI,8_17_3,57,5
AAI,8_17_3,58,4
AAI,8_17_3,59,7
AAI,8_17_3,60,1
AAI,8_17_3,61,6
AAI,8_17_3,62,2
AAI,8_17_3,63,4
AAI,8_17_3,64,9
AAI,8_17_3,65,3
AAI,8_17_3,66,5
AAI,8_17_3,67,3
AAI,8_17_3,68,9
AAI,8_17_3,69,1
AAI,8_17_3,70,5
AAI,8_17_3,71,4
AAI,8_17_3,72,0
AAI,8_17_4,1,2
AAI,8_17_4,2,4
AAI,8_17_4,3,3
AAI,8_17_4,4,5
AAI,8_17_4,5,4
AAI,8_17_4,6,3
AAI,8_17_4,7,2
AAI,8_17_4,8,4
AAI,8_17_4,9,4
AAI,8_17_4,10,4
AAI,8_17_4,11,6
AAI,8_17_4,12,2
AAI,8_17_4,13,11
AAI,8_17_4,14,6
AAI,8_17_4,15,8
AAI,8_17_4,16,4
AAI,8_17_4,17,0
AAI,8_17_4,18,1
AAI,8_17_4,19,2
AAI,8_17_4,20,4
AAI,8_17_4,21,7
AAI,8_17_4,22,4
AAI,8_17_4,23,6
AAI,8_17_4,24,3
AAI,8_17_4,25,6
AAI,8_17_4,26,4
AAI,8_17_4,27,3
AAI,8_17_4,28,1
AAI,8_17_4,29,4
AAI,8_17_4,30,3
AAI,8_17_4,31,4
AAI,8_17_4,32,4
AAI,8_17_4,33,7
AAI,8_17_4,34,400
AAI,8_17_4,35,4
AAI,8_17_4,36,5
AAI,8_17_4,37,2
AAI,8_17_4,38,5
AAI,8_17_4,39,6
AAI,8_17_4,40,3
AAI,8_17_4,41,3
AAI,8_17_4,42,3
AAI,8_17_4,43,6
AAI,8_17_4,44,4
AAI,8_17_4,45,4
AAI,8_17_4,46,2
AAI,8_17_4,47,3
AAI,8_17_4,48,5
AAI,8_17_4,49,5
AAI,8_17_4,50,4
AAI,8_17_4,51,3
AAI,8_17_4,52,3
AAI,8_17_4,53,7
AAI,8_17_4,54,4
AAI,8_17_4,55,2
AAI,8_17_4,56,5
AAI,8_17_4,57,2
AAI,8_17_4,58,4
AAI,8_17_4,59,7
AAI,8_17_4,60,5
AAI,8_17_4,61,3
AAI,8_17_4,62,5
AAI,8_17_4,63,5
AAI,8_17_4,64,5
AAI,8_17_4,65,4
AAI,8_17_4,66,2
AAI,8_17_4,67,5
AAI,8_17_4,68,5
AAI,8_17_4,69,4
AAI,8_17_4,70,12
AAI,8_17_4,71,2
AAI,8_17_4,72,8
GIL,8_31_1,1,1
GIL,8_31_1,2,2
GIL,8_31_1,3,3
GIL,8_31_1,4,2
GIL,8_31_1,5,1
GIL,8_31_1,6,0
GIL,8_31_1,7,1
GIL,8_31_1,8,4
GIL,8_31_1,9,4
GIL,8_31_1,10,1
GIL,8_31_1,11,3
GIL,8_31_1,12,3
GIL,8_31_1,13,4
GIL,8_31_1,14,1
GIL,8_31_1,15,10
GIL,8_31_1,16,2
GIL,8_31_1,17,3
GIL,8_31_1,18,2
GIL,8_31_1,19,2
GIL,8_31_1,20,2
GIL,8_31_1,21,0
GIL,8_31_1,22,4
GIL,8_31_1,23,5
GIL,8_31_1,24,3
GIL,8_31_1,25,5
GIL,8_31_1,26,3
GIL,8_31_1,27,21
GIL,8_31_1,28,1
GIL,8_31_1,29,3
GIL,8_31_1,30,2
GIL,8_31_1,31,3
GIL,8_31_1,32,4
GIL,8_31_1,33,2
GIL,8_31_1,34,20
GIL,8_31_1,35,3
GIL,8_31_1,36,5
GIL,8_31_1,37,1
GIL,8_31_1,38,5
GIL,8_31_1,39,13
GIL,8_31_1,40,6
GIL,8_31_1,41,2
GIL,8_31_1,42,9
GIL,8_31_1,43,5
GIL,8_31_1,44,5
GIL,8_31_1,45,1
GIL,8_31_1,46,4
GIL,8_31_1,47,3
GIL,8_31_1,48,17
GIL,8_31_1,49,200
GIL,8_31_1,50,0
GIL,8_31_1,51,2
GIL,8_31_1,52,2
GIL,8_31_1,53,1
GIL,8_31_1,54,1
GIL,8_31_1,55,4
GIL,8_31_1,56,3
GIL,8_31_1,57,3
GIL,8_31_1,58,1
GIL,8_31_1,59,12
GIL,8_31_1,60,1
GIL,8_31_1,61,11
GIL,8_31_1,62,3
GIL,8_31_1,63,8
GIL,8_31_1,64,5
GIL,8_31_1,65,4
GIL,8_31_1,66,0
GIL,8_31_1,67,5
GIL,8_31_1,68,1
GIL,8_31_1,69,12
GIL,8_31_1,70,0
AEQ,8_31_1,1,4
AEQ,8_31_1,2,6
AEQ,8_31_1,3,6
AEQ,8_31_1,4,2
AEQ,8_31_1,5,3
AEQ,8_31_1,6,3
AEQ,8_31_1,7,2
AEQ,8_31_1,8,4
AEQ,8_31_1,9,3
AEQ,8_31_1,10,1
AEQ,8_31_1,11,3
AEQ,8_31_1,12,2
AEQ,8_31_1,13,5
AEQ,8_31_1,14,7
AEQ,8_31_1,15,8
AEQ,8_31_1,16,1
AEQ,8_31_1,17,0
AEQ,8_31_1,18,6
AEQ,8_31_1,19,4
AEQ,8_31_1,20,1
AEQ,8_31_1,21,3
AEQ,8_31_1,22,3
AEQ,8_31_1,23,5
AEQ,8_31_1,24,3
AEQ,8_31_1,25,4
AEQ,8_31_1,26,4
AEQ,8_31_1,27,5
AEQ,8_31_1,28,5
AEQ,8_31_1,29,3
AEQ,8_31_1,30,12
AEQ,8_31_1,31,3
AEQ,8_31_1,32,5
AEQ,8_31_1,33,12
AEQ,8_31_1,34,4
AEQ,8_31_1,35,2
AEQ,8_31_1,36,2
AEQ,8_31_1,37,2
AEQ,8_31_1,38,4
AEQ,8_31_1,39,5
AEQ,8_31_1,40,7
AEQ,8_31_1,41,1
AEQ,8_31_1,42,20
AEQ,8_31_1,43,3
AEQ,8_31_1,44,4
AEQ,8_31_1,45,2
AEQ,8_31_1,46,3
AEQ,8_31_1,47,3
AEQ,8_31_1,48,5
AEQ,8_31_1,49,5
AEQ,8_31_1,50,2
AEQ,8_31_1,51,5
AEQ,8_31_1,52,1
AEQ,8_31_1,53,4
AEQ,8_31_1,54,1
AEQ,8_31_1,55,2
AEQ,8_31_1,56,5
AEQ,8_31_1,57,4
AEQ,8_31_1,58,3
AEQ,8_31_1,59,3
AEQ,8_31_1,60,5
AEQ,8_31_1,61,4
AEQ,8_31_1,62,5
AEQ,8_31_1,63,5
AEQ,8_31_1,64,6
AEQ,8_31_1,65,2
AEQ,8_31_1,66,3
AEQ,8_31_1,67,4
AEQ,8_31_1,68,2
AEQ,8_31_1,69,1
AEQ,8_31_1,70,5
AEQ,8_31_2,1,3
AEQ,8_31_2,2,1
AEQ,8_31_2,3,2
AEQ,8_31_2,4,5
AEQ,8_31_2,5,6
AEQ,8_31_2,6,3
AEQ,8_31_2,7,2
AEQ,8_31_2,8,3
AEQ,8_31_2,9,8
AEQ,8_31_2,10,2
AEQ,8_31_2,11,3
AEQ,8_31_2,12,3
AEQ,8_31_2,13,2
AEQ,8_31_2,14,1
AEQ,8_31_2,15,3
AEQ,8_31_2,16,2
AEQ,8_31_2,17,5
AEQ,8_31_2,18,4
AEQ,8_31_2,19,5
AEQ,8_31_2,20,2
AEQ,8_31_2,21,2
AEQ,8_31_2,22,3
AEQ,8_31_2,23,0
AEQ,8_31_2,24,0
AEQ,8_31_2,25,4
AEQ,8_31_2,26,1
AEQ,8_31_2,27,3
AEQ,8_31_2,28,4
AEQ,8_31_2,29,16
AEQ,8_31_2,30,4
AEQ,8_31_2,31,5
AEQ,8_31_2,32,5
AEQ,8_31_2,33,5
AEQ,8_31_2,34,1
AEQ,8_31_2,35,2
AEQ,8_31_2,36,3
AEQ,8_31_2,37,2
AEQ,8_31_2,38,3
AEQ,8_31_2,39,6
AEQ,8_31_2,40,1
AEQ,8_31_2,41,0
AEQ,8_31_2,42,6
AEQ,8_31_2,43,4
AEQ,8_31_2,44,5
AEQ,8_31_2,45,17
AEQ,8_31_2,46,4
AEQ,8_31_2,47,2
AEQ,8_31_2,48,3
AEQ,8_31_2,49,2
AEQ,8_31_2,50,0
AEQ,8_31_2,51,1
AEQ,8_31_2,52,3
AEQ,8_31_2,53,3
AEQ,8_31_2,54,1
AEQ,8_31_2,55,3
AEQ,8_31_2,56,4
AEQ,8_31_2,57,2
AEQ,8_31_2,58,5
AEQ,8_31_2,59,3
AEQ,8_31_2,60,3
AEQ,8_31_2,61,1
AEQ,8_31_2,62,6
AEQ,8_31_2,63,3
AEQ,8_31_2,64,3
AEQ,8_31_2,65,1
AEQ,8_31_2,66,7
AEQ,8_31_2,67,3
AEQ,8_31_2,68,1
AEQ,8_31_2,69,7
AEQ,8_31_2,70,7
AEQ,8_31_2,71,1
AEQ,8_31_2,72,0
AEQ,8_31_3,1,4
AEQ,8_31_3,2,20
AEQ,8_31_3,3,0
AEQ,8_31_3,4,3
AEQ,8_31_3,5,2
AEQ,8_31_3,6,2
AEQ,8_31_3,7,1
AEQ,8_31_3,8,2
AEQ,8_31_3,9,0
AEQ,8_31_3,10,2
AEQ,8_31_3,11,4
AEQ,8_31_3,12,4
AEQ,8_31_3,13,5
AEQ,8_31_3,14,4
AEQ,8_31_3,15,5
AEQ,8_31_3,16,2
AEQ,8_31_3,17,7
AEQ,8_31_3,18,4
AEQ,8_31_3,19,5
AEQ,8_31_3,20,30
AEQ,8_31_3,21,2
AEQ,8_31_3,22,2
AEQ,8_31_3,23,3
AEQ,8_31_3,24,4
AEQ,8_31_3,25,10
AEQ,8_31_3,26,3
AEQ,8_31_3,27,9
AEQ,8_31_3,28,1
AEQ,8_31_3,29,1
AEQ,8_31_3,30,6
AEQ,8_31_3,31,3
AEQ,8_31_3,32,3
AEQ,8_31_3,33,4
AEQ,8_31_3,34,4
AEQ,8_31_3,35,0
AEQ,8_31_3,36,2
AEQ,8_31_3,37,1
AEQ,8_31_3,38,1
AEQ,8_31_3,39,2
AEQ,8_31_3,40,5
AEQ,8_31_3,41,2
AEQ,8_31_3,42,2
AEQ,8_31_3,43,2
AEQ,8_31_3,44,1
AEQ,8_31_3,45,1
AEQ,8_31_3,46,2
AEQ,8_31_3,47,4
AEQ,8_31_3,48,2
AEQ,8_31_3,49,2
AEQ,8_31_3,50,1
AEQ,8_31_3,51,7
AEQ,8_31_3,52,4
AEQ,8_31_3,53,0
AEQ,8_31_3,54,4
AEQ,8_31_3,55,2
AEQ,8_31_3,56,0
AEQ,8_31_3,57,1
AEQ,8_31_3,58,2
AEQ,8_31_3,59,3
AEQ,8_31_3,60,2
AEQ,8_31_3,61,13
AEQ,8_31_3,62,5
AEQ,8_31_3,63,2
AEQ,8_31_3,64,0
AEQ,8_31_3,65,4
AEQ,8_31_3,66,0
AEQ,8_31_3,67,2
AEQ,8_31_3,68,1
AEQ,8_31_3,69,2
AEQ,8_31_3,70,9
AEQ,8_31_3,71,3
AEQ,8_31_3,72,1
AEQ,8_31_4,1,3
AEQ,8_31_4,2,0
AEQ,8_31_4,3,1
AEQ,8_31_4,4,6
AEQ,8_31_4,5,4
AEQ,8_31_4,6,2
AEQ,8_31_4,7,5
AEQ,8_31_4,8,2
AEQ,8_31_4,9,3
AEQ,8_31_4,10,3
AEQ,8_31_4,11,6
AEQ,8_31_4,12,1
AEQ,8_31_4,13,1
AEQ,8_31_4,14,6
AEQ,8_31_4,15,4
AEQ,8_31_4,16,5
AEQ,8_31_4,17,4
AEQ,8_31_4,18,7
AEQ,8_31_4,19,0
AEQ,8_31_4,20,2
AEQ,8_31_4,21,1
AEQ,8_31_4,22,4
AEQ,8_31_4,23,4
AEQ,8_31_4,24,500
AEQ,8_31_4,25,4
AEQ,8_31_4,26,2
AEQ,8_31_4,27,5
AEQ,8_31_4,28,1
AEQ,8_31_4,29,9
AEQ,8_31_4,30,1
AEQ,8_31_4,31,2
AEQ,8_31_4,32,3
AEQ,8_31_4,33,6
AEQ,8_31_4,34,5
AEQ,8_31_4,35,0
AEQ,8_31_4,36,0
AEQ,8_31_4,37,3
AEQ,8_31_4,38,4
AEQ,8_31_4,39,1
AEQ,8_31_4,40,4
AEQ,8_31_4,41,0
AEQ,8_31_4,42,6
AEQ,8_31_4,43,6
AEQ,8_31_4,44,1
AEQ,8_31_4,45,1
AEQ,8_31_4,46,1
AEQ,8_31_4,47,5
AEQ,8_31_4,48,1
AEQ,8_31_4,49,4
AEQ,8_31_4,50,2
AEQ,8_31_4,51,1
AEQ,8_31_4,52,1
AEQ,8_31_4,53,0
AEQ,8_31_4,54,2
AEQ,8_31_4,55,9
AEQ,8_31_4,56,5
AEQ,8_31_4,57,2
AEQ,8_31_4,58,3
AEQ,8_31_4,59,3
AEQ,8_31_4,60,1
AEQ,8_31_4,61,2
AEQ,8_31_4,62,3
AEQ,8_31_4,63,1
AEQ,8_31_4,64,3
AEQ,8_31_4,65,2
AEQ,8_31_4,66,4
AEQ,8_31_4,67,1
AEQ,8_31_4,68,2
AEQ,8_31_4,69,3
AEQ,8_31_4,70,2
AEQ,8_31_4,71,3
AEQ,8_31_4,72,0
AAR,8_31_2,1,5
AAR,8_31_2,2,8
AAR,8_31_2,3,4
AAR,8_31_2,4,5
AAR,8_31_2,5,4
AAR,8_31_2,6,4
AAR,8_31_2,7,7
AAR,8_31_2,8,2
AAR,8_31_2,9,16
AAR,8_31_2,10,9
AAR,8_31_2,11,6
AAR,8_31_2,12,4
AAR,8_31_2,13,8
AAR,8_31_2,14,7
AAR,8_31_2,15,5
AAR,8_31_2,16,3
AAR,8_31_2,17,4
AAR,8_31_2,18,5
AAR,8_31_2,19,6
AAR,8_31_2,20,4
AAR,8_31_2,21,6
AAR,8_31_2,22,4
AAR,8_31_2,23,9
AAR,8_31_2,24,5
AAR,8_31_2,25,4
AAR,8_31_2,26,200
AAR,8_31_2,27,6
AAR,8_31_2,28,5
AAR,8_31_2,29,5
AAR,8_31_2,30,7
AAR,8_31_2,31,3
AAR,8_31_2,32,7
AAR,8_31_2,33,3
AAR,8_31_2,34,16
AAR,8_31_2,35,4
AAR,8_31_2,36,10
AAR,8_31_2,37,7
AAR,8_31_2,38,8
AAR,8_31_2,39,8
AAR,8_31_2,40,4
AAR,8_31_2,41,2
AAR,8_31_2,42,5
AAR,8_31_2,43,5
AAR,8_31_2,44,7
AAR,8_31_2,45,3
AAR,8_31_2,46,7
AAR,8_31_2,47,6
AAR,8_31_2,48,2
AAR,8_31_2,49,3
AAR,8_31_2,50,5
AAR,8_31_2,51,6
AAR,8_31_2,52,2
AAR,8_31_2,53,8
AAR,8_31_2,54,4
AAR,8_31_2,55,4
AAR,8_31_2,56,4
AAR,8_31_2,57,600
AAR,8_31_2,58,11
AAR,8_31_2,59,10
AAR,8_31_2,60,2
AAR,8_31_2,61,4
AAR,8_31_2,62,6
AAR,8_31_2,63,3
AAR,8_31_2,64,3
AAR,8_31_2,65,3
AAR,8_31_2,66,6
AAR,8_31_2,67,5
AAR,8_31_2,68,3
AAR,8_31_2,69,4
AAR,8_31_2,70,7
AAR,8_31_3,1,6
AAR,8_31_3,2,7
AAR,8_31_3,3,7
AAR,8_31_3,4,7
AAR,8_31_3,5,2
AAR,8_31_3,6,4
AAR,8_31_3,7,4
AAR,8_31_3,8,7
AAR,8_31_3,9,2
AAR,8_31_3,10,3
AAR,8_31_3,11,2
AAR,8_31_3,12,6
AAR,8_31_3,13,7
AAR,8_31_3,14,7
AAR,8_31_3,15,6
AAR,8_31_3,16,4
AAR,8_31_3,17,10
AAR,8_31_3,18,3
AAR,8_31_3,19,3
AAR,8_31_3,20,2
AAR,8_31_3,21,2
AAR,8_31_3,22,50
AAR,8_31_3,23,8
AAR,8_31_3,24,20
AAR,8_31_3,25,5
AAR,8_31_3,26,7
AAR,8_31_3,27,6
AAR,8_31_3,28,5
AAR,8_31_3,29,3
AAR,8_31_3,30,6
AAR,8_31_3,31,4
AAR,8_31_3,32,18
AAR,8_31_3,33,3
AAR,8_31_3,34,7
AAR,8_31_3,35,4
AAR,8_31_3,36,10
AAR,8_31_3,37,6
AAR,8_31_3,38,3
AAR,8_31_3,39,2
AAR,8_31_3,40,8
AAR,8_31_3,41,3
AAR,8_31_3,42,28
AAR,8_31_3,43,6
AAR,8_31_3,44,4
AAR,8_31_3,45,6
AAR,8_31_3,46,5
AAR,8_31_3,47,1
AAR,8_31_3,48,3
AAR,8_31_3,49,2
AAR,8_31_3,50,13
AAR,8_31_3,51,3
AAR,8_31_3,52,5
AAR,8_31_3,53,5
AAR,8_31_3,54,4
AAR,8_31_3,55,2
AAR,8_31_3,56,2
AAR,8_31_3,57,7
AAR,8_31_3,58,13
AAR,8_31_3,59,17
AAR,8_31_3,60,13
AAR,8_31_3,61,5
AAR,8_31_3,62,4
AAR,8_31_3,63,8
AAR,8_31_3,64,9
AAR,8_31_3,65,100
AAR,8_31_3,66,2
AAR,8_31_3,67,2
AAR,8_31_3,68,6
AAR,8_31_3,69,8
AAR,8_31_3,70,5
AAR,8_31_3,71,7
AAR,8_31_3,72,3
GIL,3_16_1,1,0
GIL,3_16_1,2,2
GIL,3_16_1,3,0
GIL,3_16_1,4,3
GIL,3_16_1,5,1
GIL,3_16_1,6,2
GIL,3_16_1,7,2
GIL,3_16_1,8,1
GIL,3_16_1,9,2
GIL,3_16_1,10,4
GIL,3_16_1,11,0
GIL,3_16_1,12,0
GIL,3_16_1,13,4
GIL,3_16_1,14,0
GIL,3_16_1,15,6
GIL,3_16_1,16,3
GIL,3_16_1,17,3
GIL,3_16_1,18,2
GIL,3_16_1,19,1
GIL,3_16_1,20,0
GIL,3_16_1,21,1
GIL,3_16_1,22,3
GIL,3_16_1,23,6
GIL,3_16_1,24,8
GIL,3_16_1,25,0
GIL,3_16_1,26,13
GIL,3_16_1,27,0
GIL,3_16_1,28,3
GIL,3_16_1,29,4
GIL,3_16_1,30,13
GIL,3_16_1,31,3
GIL,3_16_1,32,1
GIL,3_16_1,33,1
GIL,3_16_1,34,1
GIL,3_16_1,35,5
GIL,3_16_1,36,0
GIL,3_16_1,37,0
GIL,3_16_1,38,5
GIL,3_16_1,39,1
GIL,3_16_1,40,2
GIL,3_16_1,41,4
GIL,3_16_1,42,1
GIL,3_16_1,43,3
GIL,3_16_1,44,5
GIL,3_16_1,45,5
GIL,3_16_1,46,1
GIL,3_16_1,47,1
GIL,3_16_1,48,2
GIL,3_16_1,49,1
GIL,3_16_1,50,3
GIL,3_16_1,51,1
GIL,3_16_1,52,4
GIL,3_16_1,53,3
GIL,3_16_1,54,9
GIL,3_16_1,55,4
GIL,3_16_1,56,2
GIL,3_16_1,57,0
GIL,3_16_1,58,1
GIL,3_16_1,59,5
GIL,3_16_1,60,0
GIL,3_16_1,61,28
GIL,3_16_1,62,0
GIL,3_16_1,63,7
GIL,3_16_1,64,27
GIL,3_16_1,65,2
GIL,3_16_1,66,2
GIL,3_16_1,67,1
GIL,3_16_1,68,3
GIL,3_16_1,69,2
GIL,3_16_1,70,0
GIL,3_16_1,71,3
GIL,3_16_1,72,0
GIL,3_16_1,73,5
GIL,3_16_1,74,6
GIL,3_16_1,75,1
GIL,3_16_1,76,6
GIL,3_16_1,77,6
GIL,3_16_1,78,5
GIL,3_16_1,89,0
GIL,3_16_1,80,3
GIL,3_16_2,1,12
GIL,3_16_2,2,2
GIL,3_16_2,3,0
GIL,3_16_2,4,3
GIL,3_16_2,5,5
GIL,3_16_2,6,3
GIL,3_16_2,7,10
GIL,3_16_2,8,1
GIL,3_16_2,9,12
GIL,3_16_2,10,2
GIL,3_16_2,11,8
GIL,3_16_2,12,1
GIL,3_16_2,13,1
GIL,3_16_2,14,2
GIL,3_16_2,15,4
GIL,3_16_2,16,0
GIL,3_16_2,17,1
GIL,3_16_2,18,1
GIL,3_16_2,19,7
GIL,3_16_2,20,3
GIL,3_16_2,21,1
GIL,3_16_2,22,2
GIL,3_16_2,23,1
GIL,3_16_2,24,6
GIL,3_16_2,25,5
GIL,3_16_2,26,0
GIL,3_16_2,27,0
GIL,3_16_2,28,6
GIL,3_16_2,29,0
GIL,3_16_2,30,1
GIL,3_16_2,31,5
GIL,3_16_2,32,2
GIL,3_16_2,33,0
GIL,3_16_2,34,1
GIL,3_16_2,35,0
GIL,3_16_2,36,7
GIL,3_16_2,37,0
GIL,3_16_2,38,1
GIL,3_16_2,39,0
GIL,3_16_2,40,2
GIL,3_16_2,41,1
GIL,3_16_2,42,0
GIL,3_16_2,43,7
GIL,3_16_2,44,0
GIL,3_16_2,45,0
GIL,3_16_2,46,3
GIL,3_16_2,47,1
GIL,3_16_2,48,3
GIL,3_16_2,49,1
GIL,3_16_2,50,3
GIL,3_16_2,51,2
GIL,3_16_2,52,2
GIL,3_16_2,53,0
GIL,3_16_2,54,5
GIL,3_16_2,55,2
GIL,3_16_2,56,2
GIL,3_16_2,57,2
GIL,3_16_2,58,0
GIL,3_16_2,59,1
GIL,3_16_2,60,1
GIL,3_16_2,61,3
GIL,3_16_2,62,0
GIL,3_16_2,63,0
GIL,3_16_2,64,0
GIL,3_16_2,65,3
GIL,3_16_2,66,3
GIL,3_16_2,67,0
GIL,3_16_2,68,2
GIL,3_16_2,69,1
GIL,3_16_2,70,1
GIL,3_16_2,71,3
GIL,3_16_2,72,0
AEH,3_16,1,1
AEH,3_16,2,0
AEH,3_16,3,0
AEH,3_16,4,1
AEH,3_16,5,0
AEH,3_16,6,1
AEH,3_16,7,1
AEH,3_16,8,0
AEH,3_16,9,1
AEH,3_16,10,0
AEH,3_16,11,0
AEH,3_16,12,0
AEH,3_16,13,0
AEH,3_16,14,0
AEH,3_16,15,0
AEH,3_16,16,1
AEH,3_16,17,0
AEH,3_16,18,1
AEH,3_16,19,1
AEH,3_16,20,0
AEH,3_16,21,0
AEH,3_16,22,0
AEH,3_16,23,0
AEH,3_16,24,1
AEH,3_16,25,3
AEH,3_16,26,2
AEH,3_16,27,0
AEH,3_16,28,1
AEH,3_16,29,2
AEH,3_16,30,0
AEH,3_16,31,1
AEH,3_16,32,0
AEH,3_16,33,1
AEH,3_16,34,3
AEH,3_16,35,1
AEH,3_16,36,1
AEH,3_16,37,2
AEH,3_16,38,4
AEH,3_16,39,0
AEH,3_16,40,2
AGM,3_28_1,1,4
AGM,3_28_1,2,2
AGM,3_28_1,3,4
AGM,3_28_1,4,2
AGM,3_28_1,5,2
AGM,3_28_1,6,2
AGM,3_28_1,7,1
AGM,3_28_1,8,0
AGM,3_28_1,9,2
AGM,3_28_1,10,1
AGM,3_28_1,11,1
AGM,3_28_1,12,7
AGM,3_28_1,13,0
AGM,3_28_1,14,2
AGM,3_28_1,15,0
AGM,3_28_1,16,1
AGM,3_28_1,17,1
AGM,3_28_1,18,0
AGM,3_28_1,19,4
AGM,3_28_1,20,2
AGM,3_28_1,21,2
AGM,3_28_1,22,0
AGM,3_28_1,23,1
AGM,3_28_1,24,2
AGM,3_28_1,25,5
AGM,3_28_1,26,0
AGM,3_28_1,27,2
AGM,3_28_1,28,0
AGM,3_28_1,29,0
AGM,3_28_1,30,1
AGM,3_28_1,31,0
AGM,3_28_1,32,1
AGM,3_28_1,33,1
AGM,3_28_1,34,2
AGM,3_28_1,35,2
AGM,3_28_1,36,0
AGM,3_28_1,37,6
AGM,3_28_1,38,1
AGM,3_28_1,39,3
AGM,3_28_1,40,3
AGM,3_28_1,41,2
AGM,3_28_1,42,0
AGM,3_28_1,43,2
AGM,3_28_1,44,13
AGM,3_28_1,45,4
AGM,3_28_1,46,0
AGM,3_28_1,47,0
AGM,3_28_1,48,2
AGM,3_28_1,49,1
AGM,3_28_1,50,3
AGM,3_28_1,51,2
AGM,3_28_1,52,0
AGM,3_28_1,53,1
AGM,3_28_1,54,0
AGM,3_28_1,55,19
AGM,3_28_1,56,2
AGM,3_28_1,57,2
AGM,3_28_1,58,0
AGM,3_28_1,59,0
AGM,3_28_1,60,3
AGM,3_28_1,61,5
AGM,3_28_1,62,1
AGM,3_28_1,63,0
AGM,3_28_1,64,0
AGM,3_28_1,65,2
AGM,3_28_1,66,1
AGM,3_28_1,67,0
AGM,3_28_1,68,0
AGM,3_28_1,69,2
AGM,3_28_1,70,6
AGM,3_28_1,71,1
AGM,3_28_1,72,0
AGM,3_28_1,73,1
AGM,3_28_1,74,1
AGM,3_28_1,75,3
AGM,3_28_1,76,0
AGM,3_28_1,77,2
AGM,3_28_1,78,4
AGM,3_28_1,79,1
AGM,3_28_1,80,0
AGM,3_28_1,81,1
AGM,3_28_1,82,6
AGM,3_28_1,83,1
AGM,3_28_1,84,2
AGM,3_28_1,85,2
AGM,3_28_1,86,4
AGM,3_28_1,87,1
AGM,3_28_1,88,3
AGM,3_28_1,89,2
AGM,3_28_1,90,1
AGM,3_28_1,91,2
AGM,3_28_1,92,1
AGM,3_28_1,93,2
AGM,3_28_1,94,0
AGM,3_28_1,95,1
AGM,3_28_1,96,2
AGM,3_28_2,1,0
AGM,3_28_2,2,3
AGM,3_28_2,3,0
AGM,3_28_2,4,1
AGM,3_28_2,5,0
AGM,3_28_2,6,5
AGM,3_28_2,7,4
AGM,3_28_2,8,1
AGM,3_28_2,9,2
AGM,3_28_2,10,2
AGM,3_28_2,11,1
AGM,3_28_2,12,3
AGM,3_28_2,13,2
AGM,3_28_2,14,3
AGM,3_28_2,15,0
AGM,3_28_2,16,0
AGM,3_28_2,17,0
AGM,3_28_2,18,1
AGM,3_28_2,19,1
AGM,3_28_2,20,2
AGM,3_28_2,21,0
AGM,3_28_2,22,1
AGM,3_28_2,23,0
AGM,3_28_2,24,9
AGM,3_28_2,25,1
AGM,3_28_2,26,3
AGM,3_28_2,27,3
AGM,3_28_2,28,1
AGM,3_28_2,29,1
AGM,3_28_2,30,0
AGM,3_28_2,31,6
AGM,3_28_2,32,2
AGM,3_28_2,33,3
AGM,3_28_2,34,2
AGM,3_28_2,35,1
AGM,3_28_2,36,3
AGM,3_28_2,37,1
AGM,3_28_2,38,0
AGM,3_28_2,39,12
AGM,3_28_2,40,1
AGM,3_28_2,41,3
AGM,3_28_2,42,1
AGM,3_28_2,43,3
AGM,3_28_2,44,0
AGM,3_28_2,45,25
AGM,3_28_2,46,6
AGM,3_28_2,47,1
AGM,3_28_2,48,4
AGM,3_28_2,49,1
AGM,3_28_2,50,1
AGM,3_28_2,51,1
AGM,3_28_2,52,3
AGM,3_28_2,53,1
AGM,3_28_2,54,1
AGM,3_28_2,55,2
AGM,3_28_2,56,3
AGM,3_28_2,57,1
AGM,3_28_2,58,1
AGM,3_28_2,59,3
AGM,3_28_2,60,1
AGM,3_28_2,61,0
AGM,3_28_2,62,2
AGM,3_28_2,63,1
AGM,3_28_2,64,0
AGM,3_28_2,65,0
AGM,3_28_2,66,0
AGM,3_28_2,67,0
AGM,3_28_2,68,2
AGM,3_28_2,69,4
AGM,3_28_2,70,2
AGM,3_28_2,71,3
AGM,3_28_2,72,0
AGM,3_28_2,73,2
AGM,3_28_2,74,2
AGM,3_28_2,75,0
AGM,3_28_2,76,16
AGM,3_28_2,77,3
AGM,3_28_2,78,1
AGM,3_28_2,79,0
AGM,3_28_2,80,2
AGM,3_28_2,81,1
AGM,3_28_2,82,2
AGM,3_28_2,83,0
AGM,3_28_2,84,2
AGM,3_28_2,85,5
AGM,3_28_2,86,1
AGM,3_28_2,87,3
AGM,3_28_2,88,1
AGM,3_28_2,89,1
AGM,3_28_2,90,2
AGM,3_28_2,91,1
AGM,3_28_2,92,4
AGM,3_28_2,93,5
AGM,3_28_2,94,5
AGM,3_28_2,95,0
AGM,3_28_2,96,3
GIL,3_11_1,1,1
GIL,3_11_1,2,5
GIL,3_11_1,3,0
GIL,3_11_1,4,0
GIL,3_11_1,5,0
GIL,3_11_1,6,1
GIL,3_11_1,7,0
GIL,3_11_1,8,0
GIL,3_11_1,9,2
GIL,3_11_1,10,2
GIL,3_11_1,11,3
GIL,3_11_1,12,1
GIL,3_11_1,13,1
GIL,3_11_1,14,0
GIL,3_11_1,15,14
GIL,3_11_1,16,2
GIL,3_11_1,17,1
GIL,3_11_1,18,0
GIL,3_11_1,19,3
GIL,3_11_1,20,1
GIL,3_11_1,21,1
GIL,3_11_1,22,0
GIL,3_11_1,23,2
GIL,3_11_1,24,0
GIL,3_11_1,25,1
GIL,3_11_1,26,1
GIL,3_11_1,27,1
GIL,3_11_1,28,4
GIL,3_11_1,29,3
GIL,3_11_1,30,4
GIL,3_11_1,31,2
GIL,3_11_1,32,0
GIL,3_11_1,33,18
GIL,3_11_1,34,1
GIL,3_11_1,35,1
GIL,3_11_1,36,4
GIL,3_11_1,37,1
GIL,3_11_1,38,0
GIL,3_11_1,39,1
GIL,3_11_1,40,2
GIL,3_11_1,41,2
GIL,3_11_1,42,3
GIL,3_11_1,43,2
GIL,3_11_1,44,3
GIL,3_11_1,45,1
GIL,3_11_1,46,0
GIL,3_11_1,47,3
GIL,3_11_1,48,0
GIL,3_11_1,49,3
GIL,3_11_1,50,16
GIL,3_11_1,51,1
GIL,3_11_1,52,5
GIL,3_11_1,53,0
GIL,3_11_1,54,2
GIL,3_11_1,55,0
GIL,3_11_1,56,0
GIL,3_11_1,57,3
GIL,3_11_1,58,1
GIL,3_11_1,59,0
GIL,3_11_1,60,1
GIL,3_11_1,61,1
GIL,3_11_1,62,4
GIL,3_11_1,63,1
GIL,3_11_1,64,1
GIL,3_11_1,65,0
GIL,3_11_1,66,1
GIL,3_11_1,67,8
GIL,3_11_1,68,0
GIL,3_11_1,69,6
GIL,3_11_1,70,200
GIL,3_11_1,71,7
GIL,3_11_1,72,2
GIL,3_11_2,1,1
GIL,3_11_2,2,2
GIL,3_11_2,3,6
GIL,3_11_2,4,2
GIL,3_11_2,5,2
GIL,3_11_2,6,2
GIL,3_11_2,7,0
GIL,3_11_2,8,0
GIL,3_11_2,9,9
GIL,3_11_2,10,1
GIL,3_11_2,11,0
GIL,3_11_2,12,3
GIL,3_11_2,13,4
GIL,3_11_2,14,3
GIL,3_11_2,15,0
GIL,3_11_2,16,1
GIL,3_11_2,17,0
GIL,3_11_2,18,41
GIL,3_11_2,19,1
GIL,3_11_2,20,0
GIL,3_11_2,21,5
GIL,3_11_2,22,2
GIL,3_11_2,23,15
GIL,3_11_2,24,0
GIL,3_11_2,25,1
GIL,3_11_2,26,1
GIL,3_11_2,27,1
GIL,3_11_2,28,2
GIL,3_11_2,29,1
GIL,3_11_2,30,0
GIL,3_11_2,31,3
GIL,3_11_2,32,1
GIL,3_11_2,33,0
GIL,3_11_2,34,0
GIL,3_11_2,35,0
GIL,3_11_2,36,1
GIL,3_11_2,37,4
GIL,3_11_2,38,0
GIL,3_11_2,39,1
GIL,3_11_2,40,2
GIL,3_11_2,41,0
GIL,3_11_2,42,0
GIL,3_11_2,43,4
GIL,3_11_2,44,0
GIL,3_11_2,45,0
GIL,3_11_2,46,0
GIL,3_11_2,47,2
GIL,3_11_2,48,0
GIL,3_11_2,49,1
GIL,3_11_2,50,0
GIL,3_11_2,51,0
GIL,3_11_2,52,4
GIL,3_11_2,53,1
GIL,3_11_2,54,4
GIL,3_11_2,55,0
GIL,3_11_2,56,1
GIL,3_11_2,57,3
GIL,3_11_2,58,0
GIL,3_11_2,59,1
GIL,3_11_2,60,4
GIL,3_11_2,61,1
GIL,3_11_2,62,1
GIL,3_11_2,63,6
GIL,3_11_2,64,2
GIL,3_11_2,65,0
GIL,3_11_2,66,10
GIL,3_11_2,67,9
GIL,3_11_2,68,1
GIL,3_11_2,69,1
GIL,3_11_2,70,0
GIL,3_11_2,71,2
GIL,3_11_2,72,1
AGM,3_11_1,1,0
AGM,3_11_1,2,2
AGM,3_11_1,3,1
AGM,3_11_1,4,2
AGM,3_11_1,5,1
AGM,3_11_1,6,1
AGM,3_11_1,7,2
AGM,3_11_1,8,24
AGM,3_11_1,9,1
AGM,3_11_1,10,1
AGM,3_11_1,11,4
AGM,3_11_1,12,1
AGM,3_11_1,13,1
AGM,3_11_1,14,4
AGM,3_11_1,15,25
AGM,3_11_1,16,3
AGM,3_11_1,17,0
AGM,3_11_1,18,1
AGM,3_11_1,19,2
AGM,3_11_1,20,0
AGM,3_11_1,21,8
AGM,3_11_1,22,2
AGM,3_11_1,23,1
AGM,3_11_1,24,1
AGM,3_11_1,25,1
AGM,3_11_1,26,1
AGM,3_11_1,27,100
AGM,3_11_1,28,2
AGM,3_11_1,29,0
AGM,3_11_1,30,1
AGM,3_11_1,31,0
AGM,3_11_1,32,1
AGM,3_11_1,33,0
AGM,3_11_1,34,1
AGM,3_11_1,35,6
AGM,3_11_1,36,2
AGM,3_11_1,37,1
AGM,3_11_1,38,1
AGM,3_11_1,39,1
AGM,3_11_1,40,0
AGM,3_11_1,41,1
AGM,3_11_1,42,8
AGM,3_11_1,43,2
AGM,3_11_1,44,1
AGM,3_11_1,45,0
AGM,3_11_1,46,1
AGM,3_11_1,47,1
AGM,3_11_1,48,1
AGM,3_11_1,49,3
AGM,3_11_1,50,1
AGM,3_11_1,51,11
AGM,3_11_1,52,1
AGM,3_11_1,53,2
AGM,3_11_1,54,1
AGM,3_11_1,55,0
AGM,3_11_1,56,0
AGM,3_11_1,57,3
AGM,3_11_1,58,1
AGM,3_11_1,59,1
AGM,3_11_1,60,1
AGM,3_11_1,61,1
AGM,3_11_1,62,2
AGM,3_11_1,63,2
AGM,3_11_1,64,0
AGM,3_11_1,65,2
AGM,3_11_1,66,2
AGM,3_11_1,67,1
AGM,3_11_1,68,1
AGM,3_11_1,69,2
AGM,3_11_1,70,2
AGM,3_11_1,71,1
AGM,3_11_1,72,1
AGM,3_11_2,1,0
AGM,3_11_2,2,2
AGM,3_11_2,3,2
AGM,3_11_2,4,0
AGM,3_11_2,5,2
AGM,3_11_2,6,1
AGM,3_11_2,7,2
AGM,3_11_2,8,2
AGM,3_11_2,9,0
AGM,3_11_2,10,0
AGM,3_11_2,11,0
AGM,3_11_2,12,0
AGM,3_11_2,13,2
AGM,3_11_2,14,10
AGM,3_11_2,15,2
AGM,3_11_2,16,2
AGM,3_11_2,17,2
AGM,3_11_2,18,0
AGM,3_11_2,19,4
AGM,3_11_2,20,3
AGM,3_11_2,21,1
AGM,3_11_2,22,1
AGM,3_11_2,23,2
AGM,3_11_2,24,0
AGM,3_11_2,25,1
AGM,3_11_2,26,0
AGM,3_11_2,27,4
AGM,3_11_2,28,0
AGM,3_11_2,29,0
AGM,3_11_2,30,2
AGM,3_11_2,31,0
AGM,3_11_2,32,17
AGM,3_11_2,33,2
AGM,3_11_2,34,0
AGM,3_11_2,35,1
AGM,3_11_2,36,1
AGM,3_11_2,37,0
AGM,3_11_2,38,1
AGM,3_11_2,39,0
AGM,3_11_2,40,0
AGM,3_11_2,41,2
AGM,3_11_2,42,5
AGM,3_11_2,43,3
AGM,3_11_2,44,2
AGM,3_11_2,45,2
AGM,3_11_2,46,1
AGM,3_11_2,47,1
AGM,3_11_2,48,1
AGM,3_11_2,49,1
AGM,3_11_2,50,3
AGM,3_11_2,51,1
AGM,3_11_2,52,0
AGM,3_11_2,53,2
AGM,3_11_2,54,1
AGM,3_11_2,55,1
AGM,3_11_2,56,0
AGM,3_11_2,57,0
AGM,3_11_2,58,2
AGM,3_11_2,59,1
AGM,3_11_2,60,1
AGM,3_11_2,61,2
AGM,3_11_2,62,0
AGM,3_11_2,63,1
AGM,3_11_2,64,1
AGM,3_11_2,65,0
AGM,3_11_2,66,2
AGM,3_11_2,67,2
AGM,3_11_2,68,7
AGM,3_11_2,69,2
AGM,3_11_2,70,0
AGM,3_11_2,71,2
AGM,3_11_2,72,2
AAA,3_11,1,8
AAA,3_11,2,1
AAA,3_11,3,4
AAA,3_11,4,1
AAA,3_11,5,1
AAA,3_11,6,1
AAA,3_11,7,2
AAA,3_11,8,3
AAA,3_11,9,28
AAA,3_11,10,1
AAA,3_11,11,1
AAA,3_11,12,1
AAA,3_11,13,1
AAA,3_11,14,0
AAA,3_11,15,0
AAA,3_11,16,1
AAA,3_11,17,0
AAA,3_11,18,0
AAA,3_11,19,0
AAA,3_11,20,0
AAA,3_11,21,0
AAA,3_11,22,0
AAA,3_11,23,0
AAA,3_11,24,0
AAA,3_11,25,1
AAA,3_11,26,0
AAA,3_11,27,0
AAA,3_11,28,0
AAA,3_11,29,0
AAA,3_11,30,0
AAA,3_11,31,0
AAA,3_11,32,1
AAA,3_11,33,0
AAA,3_11,34,1
AAA,3_11,35,1
AAA,3_11,36,0
AAA,3_11,37,1
AAA,3_11,38,1
AAA,3_11,39,0
AAA,3_11,40,0
AAA,3_11,41,0
AAA,3_11,42,1
AAA,3_11,43,0
AAA,3_11,44,1
AAA,3_11,45,1
AAA,3_11,46,0
AAA,3_11,47,1
AAA,3_11,48,1
AAA,3_11,49,1
AAA,3_11,50,0
AAA,3_11,51,0
AAA,3_11,52,0
AAA,3_11,53,0
AAA,3_11,54,0
AAA,3_11,55,1
AAA,3_11,56,0
AAA,3_11,57,0
AAA,3_11,58,0
AAA,3_11,59,1
AAA,3_11,60,2
AAA,3_11,61,2
AAA,3_11,62,0
AAA,3_11,63,1
AAA,3_11,64,0
AAA,3_11,65,0
AAA,3_11,66,1
AAA,3_11,67,1
AAA,3_11,68,5
AAA,3_11,69,1
AAA,3_11,70,1
AAA,3_11,71,0
AAA,3_11,72,0
ACS,3_11,1,0
ACS,3_11,2,0
ACS,3_11,3,1
ACS,3_11,4,2
ACS,3_11,5,0
ACS,3_11,6,0
ACS,3_11,7,0
ACS,3_11,8,1
ACS,3_11,9,0
ACS,3_11,10,0
ACS,3_11,11,2
ACS,3_11,12,0
ACS,3_11,13,2
ACS,3_11,14,1
ACS,3_11,15,2
ACS,3_11,16,0
ACS,3_11,17,2
ACS,3_11,18,1
ACS,3_11,19,2
ACS,3_11,20,3
ACS,3_11,21,2
ACS,3_11,22,0
ACS,3_11,23,2
ACS,3_11,24,1
ACS,3_11,25,2
ACS,3_11,26,2
ACS,3_11,27,1
ACS,3_11,28,1
ACS,3_11,29,1
ACS,3_11,30,1
ACS,3_11,31,1
ACS,3_11,32,0
ACS,3_11,33,0
ACS,3_11,34,1
ACS,3_11,35,0
ACS,3_11,36,2
ACS,3_11,37,1
ACS,3_11,38,0
ACS,3_11,39,0
ACS,3_11,40,1
ACS,3_11,41,0
ACS,3_11,42,1
ACS,3_11,43,0
ACS,3_11,44,0
ACS,3_11,45,1
ACS,3_11,46,3
ACS,3_11,47,1
ACS,3_11,48,2
ACS,3_11,49,4
ACS,3_11,50,0
ACS,3_11,51,1
ACS,3_11,52,1
ACS,3_11,53,1
ACS,3_11,54,1
ACS,3_11,55,1
ACS,3_11,56,0
ACS,3_11,57,1
ACS,3_11,58,1
ACS,3_11,59,2
ACS,3_11,60,2
ACS,3_11,61,3
ACS,3_11,62,0
ACS,3_11,63,0
ACS,3_11,64,0
ACS,3_11,65,1
ACS,3_11,66,1
ACS,3_11,67,1
ACS,3_11,68,2
ACS,3_11,69,0
ACS,3_11,70,1
ACS,3_11,71,1
ACS,3_11,72,0
AGR,9_10_2,1,4
AGR,9_10_2,2,0
AGR,9_10_2,3,2
AGR,9_10_2,4,1
AGR,9_10_2,5,0
AGR,9_10_2,6,1
AGR,9_10_2,7,0
AGR,9_10_2,8,0
AGR,9_10_2,9,0
AGR,9_10_2,10,1
AGR,9_10_2,11,0
AGR,9_10_2,12,2
AGR,9_10_2,13,3
AGR,9_10_2,14,0
AGR,9_10_2,15,1
AGR,9_10_2,16,1
AGR,9_10_2,17,1
AGR,9_10_2,18,0
AGR,9_10_2,19,0
AGR,9_10_2,20,0
AGR,9_10_2,21,2
AGR,9_10_2,22,0
AGR,9_10_2,23,0
AGR,9_10_2,24,0
AGR,9_10_2,25,1
AGR,9_10_2,26,1
AGR,9_10_2,27,0
AGR,9_10_2,28,6
AGR,9_10_2,29,1
AGR,9_10_2,30,0
AGR,9_10_2,31,1
AGR,9_10_2,32,0
AGR,9_10_2,33,1
AGR,9_10_2,34,3
AGR,9_10_2,35,0
AGR,9_10_2,36,1
AGR,9_10_2,37,1
AGR,9_10_2,38,0
AGR,9_10_2,39,1
AGR,9_10_2,40,0
AGR,9_10_2,41,0
AGR,9_10_2,42,2
AGR,9_10_2,43,1
AGR,9_10_2,44,3
AGR,9_10_2,45,0
AGR,9_10_2,46,0
AGR,9_10_2,47,2
AGR,9_10_2,48,1
AGR,9_10_2,49,2
AGR,9_10_2,50,0
AGR,9_10_2,51,0
AGR,9_10_2,52,1
AGR,9_10_2,53,1
AGR,9_10_2,54,2
AGR,9_10_2,55,0
AGR,9_10_2,56,0
AGR,9_10_2,57,1
AGR,9_10_2,58,0
AGR,9_10_2,59,1
AGR,9_10_2,60,2
AGR,9_10_2,61,0
AGR,9_10_2,62,2
AGR,9_10_2,63,0
AGR,9_10_2,64,3
AGR,9_10_2,65,1
AGR,9_10_2,66,1
AGR,9_10_2,67,0
AGR,9_10_2,68,4
AGR,9_10_2,69,1
AGR,9_10_2,70,1
AGR,9_10_2,71,0
AGR,9_10_2,72,3
AGR,9_10_4,1,1
AGR,9_10_4,2,2
AGR,9_10_4,3,1
AGR,9_10_4,4,1
AGR,9_10_4,5,2
AGR,9_10_4,6,2
AGR,9_10_4,7,2
AGR,9_10_4,8,0
AGR,9_10_4,9,0
AGR,9_10_4,10,0
AGR,9_10_4,11,1
AGR,9_10_4,12,1
AGR,9_10_4,13,1
AGR,9_10_4,14,0
AGR,9_10_4,15,0
AGR,9_10_4,16,0
AGR,9_10_4,17,0
AGR,9_10_4,18,1
AGR,9_10_4,19,1
AGR,9_10_4,20,1
AGR,9_10_4,21,0
AGR,9_10_4,22,0
AGR,9_10_4,23,0
AGR,9_10_4,24,0
AGR,9_10_4,25,0
AGR,9_10_4,26,0
AGR,9_10_4,27,0
AGR,9_10_4,28,1
AGR,9_10_4,29,0
AGR,9_10_4,30,1
AGR,9_10_4,31,0
AGR,9_10_4,32,0
AGR,9_10_4,33,0
AGR,9_10_4,34,2
AGR,9_10_4,35,1
AGR,9_10_4,36,0
AGR,9_10_4,37,2
AGR,9_10_4,38,0
AGR,9_10_4,39,1
AGR,9_10_4,40,0
AGR,9_10_4,41,5
AGR,9_10_4,42,3
AGR,9_10_4,43,0
AGR,9_10_4,44,1
AGR,9_10_4,45,0
AGR,9_10_4,46,1
AGR,9_10_4,47,1
AGR,9_10_4,48,4
AGR,9_10_4,49,2
AGR,9_10_4,50,2
AGR,9_10_4,51,0
AGR,9_10_4,52,1
AGR,9_10_4,53,1
AGR,9_10_4,54,0
AGR,9_10_4,55,2
AGR,9_10_4,56,3
AGR,9_10_4,57,0
AGR,9_10_4,58,0
AGR,9_10_4,59,0
AGR,9_10_4,60,0
AGR,9_10_4,61,0
AGR,9_10_4,62,1
AGR,9_10_4,63,1
AGR,9_10_4,64,0
AGR,9_10_4,65,1
AGR,9_10_4,66,0
AGR,9_10_4,67,1
AGR,9_10_4,68,4
AGR,9_10_4,69,2
AGR,9_10_4,70,2
AGR,9_10_4,71,1
AGR,9_10_4,72,1
ADF,9_10_1,1,9
ADF,9_10_1,2,6
ADF,9_10_1,3,4
ADF,9_10_1,4,3
ADF,9_10_1,5,5
ADF,9_10_1,6,5
ADF,9_10_1,7,2
ADF,9_10_1,8,7
ADF,9_10_1,9,5
ADF,9_10_1,10,1
ADF,9_10_1,11,3
ADF,9_10_1,12,4
ADF,9_10_1,13,2
ADF,9_10_1,14,4
ADF,9_10_1,15,5
ADF,9_10_1,16,5
ADF,9_10_1,17,5
ADF,9_10_1,18,11
ADF,9_10_1,19,8
ADF,9_10_1,20,4
ADF,9_10_1,21,4
ADF,9_10_1,22,2
ADF,9_10_1,23,5
ADF,9_10_1,24,5
ADF,9_10_1,25,8
ADF,9_10_1,26,4
ADF,9_10_1,27,4
ADF,9_10_1,28,6
ADF,9_10_1,29,8
ADF,9_10_1,30,3
ADF,9_10_1,31,6
ADF,9_10_1,32,3
ADF,9_10_1,33,4
ADF,9_10_1,34,4
ADF,9_10_1,35,3
ADF,9_10_1,36,3
ADF,9_10_1,37,5
ADF,9_10_1,38,4
ADF,9_10_1,39,5
ADF,9_10_1,40,2
ADF,9_10_1,41,8
ADF,9_10_1,42,10
ADF,9_10_1,43,7
ADF,9_10_1,44,4
ADF,9_10_1,45,4
ADF,9_10_1,46,8
ADF,9_10_1,47,2
ADF,9_10_1,48,6
ADF,9_10_1,49,7
ADF,9_10_1,50,6
ADF,9_10_1,51,5
ADF,9_10_1,52,6
ADF,9_10_1,53,3
ADF,9_10_1,54,4
ADF,9_10_1,55,4
ADF,9_10_1,56,9
ADF,9_10_1,57,8
ADF,9_10_1,58,8
ADF,9_10_1,59,8
ADF,9_10_1,60,4
ADF,9_10_1,61,7
ADF,9_10_1,62,5
ADF,9_10_1,63,2
ADF,9_10_1,64,2
ADF,9_10_1,65,2
ADF,9_10_1,66,7
ADF,9_10_1,67,5
ADF,9_10_1,68,4
ADF,9_10_1,69,6
ADF,9_10_1,70,7
ADF,9_10_1,71,6
ADF,9_10_1,72,9
ADF,9_10_2,1,6
ADF,9_10_2,2,10
ADF,9_10_2,3,5
ADF,9_10_2,4,5
ADF,9_10_2,5,4
ADF,9_10_2,6,4
ADF,9_10_2,7,3
ADF,9_10_2,8,6
ADF,9_10_2,9,4
ADF,9_10_2,10,4
ADF,9_10_2,11,4
ADF,9_10_2,12,4
ADF,9_10_2,13,4
ADF,9_10_2,14,5
ADF,9_10_2,15,3
ADF,9_10_2,16,3
ADF,9_10_2,17,3
ADF,9_10_2,18,3
ADF,9_10_2,19,4
ADF,9_10_2,20,5
ADF,9_10_2,21,3
ADF,9_10_2,22,7
ADF,9_10_2,23,4
ADF,9_10_2,24,5
ADF,9_10_2,25,5
ADF,9_10_2,26,5
ADF,9_10_2,27,6
ADF,9_10_2,28,1
ADF,9_10_2,29,5
ADF,9_10_2,30,1
ADF,9_10_2,31,7
ADF,9_10_2,32,2
ADF,9_10_2,33,5
ADF,9_10_2,34,6
ADF,9_10_2,35,5
ADF,9_10_2,36,3
ADF,9_10_2,37,2
ADF,9_10_2,38,4
ADF,9_10_2,39,3
ADF,9_10_2,40,5
ADF,9_10_2,41,3
ADF,9_10_2,42,4
ADF,9_10_2,43,5
ADF,9_10_2,44,5
ADF,9_10_2,45,4
ADF,9_10_2,46,2
ADF,9_10_2,47,5
ADF,9_10_2,48,6
ADF,9_10_2,49,9
ADF,9_10_2,50,4
ADF,9_10_2,51,2
ADF,9_10_2,52,5
ADF,9_10_2,53,5
ADF,9_10_2,54,6
ADF,9_10_2,55,2
ADF,9_10_2,56,4
ADF,9_10_2,57,1
ADF,9_10_2,58,5
ADF,9_10_2,59,4
ADF,9_10_2,60,4
ADF,9_10_2,61,9
ADF,9_10_2,62,4
ADF,9_10_2,63,4
ADF,9_10_2,64,6
ADF,9_10_2,65,6
ADF,9_10_2,66,1
ADF,9_10_2,67,8
ADF,9_10_2,68,9
ADF,9_10_2,69,4
ADF,9_10_2,70,2
ADF,9_10_2,71,5
ADF,9_10_2,72,2
AFH,9_10_2,1,1
AFH,9_10_2,2,0
AFH,9_10_2,3,1
AFH,9_10_2,4,0
AFH,9_10_2,5,2
AFH,9_10_2,6,4
AFH,9_10_2,7,0
AFH,9_10_2,8,0
AFH,9_10_2,9,3
AFH,9_10_2,10,3
AFH,9_10_2,11,3
AFH,9_10_2,12,3
AFH,9_10_2,13,2
AFH,9_10_2,14,1
AFH,9_10_2,15,4
AFH,9_10_2,16,1
AFH,9_10_2,17,1
AFH,9_10_2,18,1
AFH,9_10_2,19,3
AFH,9_10_2,20,3
AFH,9_10_2,21,1
AFH,9_10_2,22,1
AFH,9_10_2,23,3
AFH,9_10_2,24,3
AFH,9_10_2,25,8
AFH,9_10_2,26,4
AFH,9_10_2,27,2
AFH,9_10_2,28,11
AFH,9_10_2,29,1
AFH,9_10_2,30,3
AFH,9_10_2,31,0
AFH,9_10_2,32,3
AFH,9_10_2,33,2
AFH,9_10_2,34,7
AFH,9_10_2,35,0
AFH,9_10_2,36,3
AFH,9_10_2,37,5
AFH,9_10_2,38,2
AFH,9_10_2,39,5
AFH,9_10_2,40,1
AFH,9_10_2,41,3
AFH,9_10_2,42,3
AFH,9_10_2,43,5
AFH,9_10_2,44,1
AFH,9_10_2,45,0
AFH,9_10_2,46,2
AFH,9_10_2,47,2
AFH,9_10_2,48,1
AFH,9_10_2,49,0
AFH,9_10_2,50,4
AFH,9_10_2,51,2
AFH,9_10_2,52,3
AFH,9_10_2,53,0
AFH,9_10_2,54,2
AFH,9_10_2,55,2
AFH,9_10_2,56,2
AFH,9_10_2,57,4
AFH,9_10_2,58,0
AFH,9_10_2,59,2
AFH,9_10_2,60,3
AFH,9_10_2,61,2
AFH,9_10_2,62,1
AFH,9_10_2,63,2
AFH,9_10_2,64,2
AFH,9_10_2,65,4
AFH,9_10_2,66,2
AFH,9_10_2,67,3
AFH,9_10_2,68,1
AFH,9_10_2,69,4
AFH,9_10_2,70,1
AFH,9_10_2,71,3
AFH,9_10_2,72,3
AFH,9_10_3,1,1
AFH,9_10_3,2,0
AFH,9_10_3,3,2
AFH,9_10_3,4,5
AFH,9_10_3,5,6
AFH,9_10_3,6,3
AFH,9_10_3,7,1
AFH,9_10_3,8,1
AFH,9_10_3,9,2
AFH,9_10_3,10,1
AFH,9_10_3,11,1
AFH,9_10_3,12,6
AFH,9_10_3,13,1
AFH,9_10_3,14,1
AFH,9_10_3,15,2
AFH,9_10_3,16,5
AFH,9_10_3,17,0
AFH,9_10_3,18,3
AFH,9_10_3,19,1
AFH,9_10_3,20,3
AFH,9_10_3,21,1
AFH,9_10_3,22,2
AFH,9_10_3,23,4
AFH,9_10_3,24,3
AFH,9_10_3,25,8
AFH,9_10_3,26,2
AFH,9_10_3,27,0
AFH,9_10_3,28,4
AFH,9_10_3,29,5
AFH,9_10_3,30,2
AFH,9_10_3,31,0
AFH,9_10_3,32,4
AFH,9_10_3,33,1
AFH,9_10_3,34,2
AFH,9_10_3,35,2
AFH,9_10_3,36,17
AFH,9_10_3,37,2
AFH,9_10_3,38,17
AFH,9_10_3,39,2
AFH,9_10_3,40,0
AFH,9_10_3,41,1
AFH,9_10_3,42,2
AFH,9_10_3,43,1
AFH,9_10_3,44,0
AFH,9_10_3,45,2
AFH,9_10_3,46,0
AFH,9_10_3,47,1
AFH,9_10_3,48,2
AFH,9_10_3,49,0
AFH,9_10_3,50,2
AFH,9_10_3,51,2
AFH,9_10_3,52,0
AFH,9_10_3,53,2
AFH,9_10_3,54,3
AFH,9_10_3,55,1
AFH,9_10_3,56,0
AFH,9_10_3,57,2
AFH,9_10_3,58,4
AFH,9_10_3,59,3
AFH,9_10_3,60,2
AFH,9_10_3,61,0
AFH,9_10_3,62,4
AFH,9_10_3,63,2
AFH,9_10_3,64,3
AFH,9_10_3,65,2
AFH,9_10_3,66,2
AFH,9_10_3,67,1
AFH,9_10_3,68,3
AFH,9_10_3,69,4
AFH,9_10_3,70,2
AFH,9_10_3,71,2
AFH,9_10_3,72,1
AGR,9_25_2,1,5
AGR,9_25_2,2,1
AGR,9_25_2,3,2
AGR,9_25_2,4,0
AGR,9_25_2,5,3
AGR,9_25_2,6,1
AGR,9_25_2,7,1
AGR,9_25_2,8,0
AGR,9_25_2,9,1
AGR,9_25_2,10,1
AGR,9_25_2,11,0
AGR,9_25_2,12,1
AGR,9_25_2,13,1
AGR,9_25_2,14,0
AGR,9_25_2,15,3
AGR,9_25_2,16,1
AGR,9_25_2,17,1
AGR,9_25_2,18,1
AGR,9_25_2,19,0
AGR,9_25_2,20,1
AGR,9_25_2,21,2
AGR,9_25_2,22,1
AGR,9_25_2,23,3
AGR,9_25_2,24,2
AGR,9_25_2,25,0
AGR,9_25_2,26,0
AGR,9_25_2,27,0
AGR,9_25_2,28,2
AGR,9_25_2,29,1
AGR,9_25_2,30,1
AGR,9_25_2,31,1
AGR,9_25_2,32,0
AGR,9_25_2,33,1
AGR,9_25_2,34,2
AGR,9_25_2,35,0
AGR,9_25_2,36,5
AGR,9_25_2,37,0
AGR,9_25_2,38,0
AGR,9_25_2,39,0
AGR,9_25_2,40,0
AGR,9_25_2,41,1
AGR,9_25_2,42,0
AGR,9_25_2,43,2
AGR,9_25_2,44,1
AGR,9_25_2,45,0
AGR,9_25_2,46,2
AGR,9_25_2,47,2
AGR,9_25_2,48,1
AGR,9_25_2,49,0
AGR,9_25_2,50,1
AGR,9_25_2,51,1
AGR,9_25_2,52,0
AGR,9_25_2,53,0
AGR,9_25_2,54,0
AGR,9_25_2,55,0
AGR,9_25_2,56,8
AGR,9_25_2,57,0
AGR,9_25_2,58,3
AGR,9_25_2,59,1
AGR,9_25_2,60,1
AGR,9_25_2,61,1
AGR,9_25_2,62,0
AGR,9_25_2,63,0
AGR,9_25_2,64,2
AGR,9_25_2,65,1
AGR,9_25_2,66,1
AGR,9_25_2,67,0
AGR,9_25_2,68,1
AGR,9_25_2,69,1
ADF,9_25_2,1,4
ADF,9_25_2,2,7
ADF,9_25_2,3,7
ADF,9_25_2,4,3
ADF,9_25_2,5,6
ADF,9_25_2,6,2
ADF,9_25_2,7,13
ADF,9_25_2,8,2
ADF,9_25_2,9,4
ADF,9_25_2,10,3
ADF,9_25_2,11,4
ADF,9_25_2,12,5
ADF,9_25_2,13,3
ADF,9_25_2,14,1
ADF,9_25_2,15,2
ADF,9_25_2,16,2
ADF,9_25_2,17,4
ADF,9_25_2,18,3
ADF,9_25_2,19,8
ADF,9_25_2,20,8
ADF,9_25_2,21,4
ADF,9_25_2,22,3
ADF,9_25_2,23,5
ADF,9_25_2,24,150
ADF,9_25_2,25,4
ADF,9_25_2,26,4
ADF,9_25_2,27,6
ADF,9_25_2,28,5
ADF,9_25_2,29,8
ADF,9_25_2,30,8
ADF,9_25_2,31,5
ADF,9_25_2,32,4
ADF,9_25_2,33,3
ADF,9_25_2,34,5
ADF,9_25_2,35,4
ADF,9_25_2,36,8
ADF,9_25_2,37,6
ADF,9_25_2,38,6
ADF,9_25_2,39,3
ADF,9_25_2,40,5
ADF,9_25_2,41,5
ADF,9_25_2,42,6
ADF,9_25_2,43,7
ADF,9_25_2,44,4
ADF,9_25_2,45,5
ADF,9_25_2,46,8
ADF,9_25_2,47,9
ADF,9_25_2,48,9
ADF,9_25_2,49,5
ADF,9_25_2,50,7
ADF,9_25_2,51,8
ADF,9_25_2,52,6
ADF,9_25_2,53,7
ADF,9_25_2,54,7
ADF,9_25_2,55,6
ADF,9_25_2,56,9
ADF,9_25_2,57,2
ADF,9_25_2,58,5
ADF,9_25_2,59,8
ADF,9_25_2,60,2
ADF,9_25_2,61,5
ADF,9_25_2,62,5
ADF,9_25_2,63,8
ADF,9_25_2,64,5
ADF,9_25_2,65,3
ADF,9_25_2,66,11
ADF,9_25_2,67,6
ADF,9_25_2,68,8
ADF,9_25_2,69,7
ADF,9_25_2,70,6
ACS,10_11_1,1,1
ACS,10_11_1,2,1
ACS,10_11_1,3,0
ACS,10_11_1,4,2
ACS,10_11_1,5,0
ACS,10_11_1,6,2
ACS,10_11_1,7,0
ACS,10_11_1,8,2
ACS,10_11_1,9,1
ACS,10_11_1,10,0
ACS,10_11_1,11,0
ACS,10_11_1,12,1
ACS,10_11_1,13,2
ACS,10_11_1,14,2
ACS,10_11_1,15,1
ACS,10_11_1,16,0
ACS,10_11_1,17,2
ACS,10_11_1,18,2
ACS,10_11_1,19,1
ACS,10_11_1,20,0
ACS,10_11_1,21,0
ACS,10_11_1,22,0
ACS,10_11_1,23,1
ACS,10_11_1,24,1
ACS,10_11_1,25,3
ACS,10_11_1,26,0
ACS,10_11_1,27,2
ACS,10_11_1,28,0
ACS,10_11_1,29,0
ACS,10_11_1,30,2
ACS,10_11_1,31,0
ACS,10_11_1,32,0
ACS,10_11_1,33,1
ACS,10_11_1,34,2
ACS,10_11_1,35,0
ACS,10_11_1,36,2
ACS,10_11_1,37,0
ACS,10_11_1,38,2
ACS,10_11_1,39,0
ACS,10_11_1,40,3
ACS,10_11_1,41,0
ACS,10_11_1,42,0
ACS,10_11_1,43,1
ACS,10_11_1,44,0
ACS,10_11_1,45,1
ACS,10_11_1,46,1
ACS,10_11_1,47,3
ACS,10_11_1,48,1
ACS,10_11_1,49,0
ACS,10_11_1,50,0
ACS,10_11_1,51,0
ACS,10_11_1,52,0
ACS,10_11_1,53,0
ACS,10_11_1,54,0
ACS,10_11_1,55,0
ACS,10_11_1,56,0
ACS,10_11_1,57,0
ACS,10_11_1,58,1
ACS,10_11_1,59,0
ACS,10_11_1,60,2
ACS,10_11_1,61,0
ACS,10_11_1,62,0
ACS,10_11_1,63,0
ACS,10_11_1,64,1
ACS,10_11_1,65,1
ACS,10_11_1,66,0
ACS,10_11_1,67,0
ACS,10_11_1,68,0
ACS,10_11_1,69,2
ACS,10_11_1,70,1
ACS,10_11_1,71,1
ACS,10_11_1,72,2
ACS,10_11_2,1,1
ACS,10_11_2,2,1
ACS,10_11_2,3,0
ACS,10_11_2,4,0
ACS,10_11_2,5,2
ACS,10_11_2,6,29
ACS,10_11_2,7,1
ACS,10_11_2,8,6
ACS,10_11_2,9,1
ACS,10_11_2,10,2
ACS,10_11_2,11,1
ACS,10_11_2,12,0
ACS,10_11_2,13,4
ACS,10_11_2,14,0
ACS,10_11_2,15,2
ACS,10_11_2,16,1
ACS,10_11_2,17,1
ACS,10_11_2,18,1
ACS,10_11_2,19,0
ACS,10_11_2,20,20
ACS,10_11_2,21,0
ACS,10_11_2,22,1
ACS,10_11_2,23,0
ACS,10_11_2,24,2
ACS,10_11_2,25,2
ACS,10_11_2,26,5
ACS,10_11_2,27,1
ACS,10_11_2,28,1
ACS,10_11_2,29,0
ACS,10_11_2,30,0
ACS,10_11_2,31,0
ACS,10_11_2,32,1
ACS,10_11_2,33,1
ACS,10_11_2,34,0
ACS,10_11_2,35,2
ACS,10_11_2,36,0
ACS,10_11_2,37,0
ACS,10_11_2,38,0
ACS,10_11_2,39,1
ACS,10_11_2,40,2
ACS,10_11_2,41,0
ACS,10_11_2,42,1
ACS,10_11_2,43,2
ACS,10_11_2,44,2
ACS,10_11_2,45,0
ACS,10_11_2,46,1
ACS,10_11_2,47,1
ACS,10_11_2,48,2
ACS,10_11_2,49,1
ACS,10_11_2,50,1
ACS,10_11_2,51,0
ACS,10_11_2,52,1
ACS,10_11_2,53,0
ACS,10_11_2,54,60
ACS,10_11_2,55,0
ACS,10_11_2,56,1
ACS,10_11_2,57,0
ACS,10_11_2,58,0
ACS,10_11_2,59,0
ACS,10_11_2,60,20
ACS,10_11_2,61,3
ACS,10_11_2,62,2
ACS,10_11_2,63,5
ACS,10_11_2,64,1
ACS,10_11_2,65,0
ACS,10_11_2,66,2
ACS,10_11_2,67,1
ACS,10_11_2,68,0
ACS,10_11_2,69,0
ACS,10_11_2,70,0
ACS,10_11_2,71,1
ACS,10_11_2,72,6
AAA,10_11_1,1,2
AAA,10_11_1,2,2
AAA,10_11_1,3,0
AAA,10_11_1,4,0
AAA,10_11_1,5,3
AAA,10_11_1,6,2
AAA,10_11_1,7,1
AAA,10_11_1,8,3
AAA,10_11_1,9,0
AAA,10_11_1,10,1
AAA,10_11_1,11,0
AAA,10_11_1,12,0
AAA,10_11_1,13,0
AAA,10_11_1,14,0
AAA,10_11_1,15,0
AAA,10_11_1,16,0
AAA,10_11_1,17,3
AAA,10_11_1,18,0
AAA,10_11_1,19,1
AAA,10_11_1,20,0
AAA,10_11_1,21,1
AAA,10_11_1,22,0
AAA,10_11_1,23,2
AAA,10_11_1,24,1
AAA,10_11_1,25,1
AAA,10_11_1,26,0
AAA,10_11_1,27,3
AAA,10_11_1,28,2
AAA,10_11_1,29,0
AAA,10_11_1,30,0
AAA,10_11_1,31,1
AAA,10_11_1,32,4
AAA,10_11_1,33,1
AAA,10_11_1,34,2
AAA,10_11_1,35,0
AAA,10_11_1,36,2
AAA,10_11_1,37,1
AAA,10_11_1,38,0
AAA,10_11_1,39,0
AAA,10_11_1,40,0
AAA,10_11_1,41,1
AAA,10_11_1,42,1
AAA,10_11_1,43,1
AAA,10_11_1,44,2
AAA,10_11_1,45,0
AAA,10_11_1,46,1
AAA,10_11_1,47,2
AAA,10_11_1,48,4
AAA,10_11_1,49,10
AAA,10_11_1,50,4
AAA,10_11_1,51,0
AAA,10_11_1,52,0
AAA,10_11_1,53,1
AAA,10_11_1,54,0
AAA,10_11_1,55,0
AAA,10_11_1,56,0
AAA,10_11_1,57,0
AAA,10_11_1,58,1
AAA,10_11_1,59,0
AAA,10_11_1,60,1
AAA,10_11_1,61,3
AAA,10_11_1,62,0
AAA,10_11_1,63,0
AAA,10_11_1,64,2
AAA,10_11_1,65,2
AAA,10_11_1,66,0
AAA,10_11_1,67,1
AAA,10_11_1,68,2
AAA,10_11_1,69,0
AAA,10_11_1,70,0
AAA,10_11_1,71,0
AAA,10_11_1,72,1
AAA,10_11_2,1,1
AAA,10_11_2,2,0
AAA,10_11_2,3,2
AAA,10_11_2,4,1
AAA,10_11_2,5,3
AAA,10_11_2,6,0
AAA,10_11_2,7,1
AAA,10_11_2,8,0
AAA,10_11_2,9,0
AAA,10_11_2,10,0
AAA,10_11_2,11,1
AAA,10_11_2,12,5
AAA,10_11_2,13,3
AAA,10_11_2,14,2
AAA,10_11_2,15,0
AAA,10_11_2,16,2
AAA,10_11_2,17,1
AAA,10_11_2,18,3
AAA,10_11_2,19,1
AAA,10_11_2,20,0
AAA,10_11_2,21,1
AAA,10_11_2,22,0
AAA,10_11_2,23,0
AAA,10_11_2,24,2
AAA,10_11_2,25,2
AAA,10_11_2,26,1
AAA,10_11_2,27,2
AAA,10_11_2,28,1
AAA,10_11_2,29,1
AAA,10_11_2,30,0
AAA,10_11_2,31,1
AAA,10_11_2,32,1
AAA,10_11_2,33,1
AAA,10_11_2,34,0
AAA,10_11_2,35,1
AAA,10_11_2,36,17
AAA,10_11_2,37,0
AAA,10_11_2,38,5
AAA,10_11_2,39,0
AAA,10_11_2,40,0
AAA,10_11_2,41,0
AAA,10_11_2,42,0
AAA,10_11_2,43,0
AAA,10_11_2,44,0
AAA,10_11_2,45,2
AAA,10_11_2,46,0
AAA,10_11_2,47,1
AAA,10_11_2,48,2
AAA,10_11_2,49,2
AAA,10_11_2,50,1
AAA,10_11_2,51,0
AAA,10_11_2,52,2
AAA,10_11_2,53,0
AAA,10_11_2,54,1
AAA,10_11_2,55,1
AAA,10_11_2,56,0
AAA,10_11_2,57,1
AAA,10_11_2,58,0
AAA,10_11_2,59,7
AAA,10_11_2,60,2
AAA,10_11_2,61,2
AAA,10_11_2,62,0
AAA,10_11_2,63,1
AAA,10_11_2,64,1
AAA,10_11_2,65,1
AAA,10_11_2,66,1
AAA,10_11_2,67,5
AAA,10_11_2,68,0
AAA,10_11_2,69,0
AAA,10_11_2,70,1
AAA,10_11_2,71,1
AAA,10_11_2,72,1
AGR,10_11_1,1,0
AGR,10_11_1,2,0
AGR,10_11_1,3,4
AGR,10_11_1,4,3
AGR,10_11_1,5,0
AGR,10_11_1,6,0
AGR,10_11_1,7,0
AGR,10_11_1,8,0
AGR,10_11_1,9,1
AGR,10_11_1,10,0
AGR,10_11_1,11,3
AGR,10_11_1,12,0
AGR,10_11_1,13,0
AGR,10_11_1,14,1
AGR,10_11_1,15,0
AGR,10_11_1,16,1
AGR,10_11_1,17,2
AGR,10_11_1,18,1
AGR,10_11_1,19,0
AGR,10_11_1,20,1
AGR,10_11_1,21,0
AGR,10_11_1,22,1
AGR,10_11_1,23,0
AGR,10_11_1,24,0
AGR,10_11_1,25,1
AGR,10_11_1,26,4
AGR,10_11_1,27,0
AGR,10_11_1,28,1
AGR,10_11_1,29,0
AGR,10_11_1,30,1
AGR,10_11_1,31,0
AGR,10_11_1,32,2
AGR,10_11_1,33,6
AGR,10_11_1,34,0
AGR,10_11_1,35,1
AGR,10_11_1,36,2
AGR,10_11_1,37,1
AGR,10_11_1,38,1
AGR,10_11_1,39,1
AGR,10_11_1,40,1
AGR,10_11_1,41,0
AGR,10_11_1,42,0
AGR,10_11_1,43,0
AGR,10_11_1,44,0
AGR,10_11_1,45,1
AGR,10_11_1,46,0
AGR,10_11_1,47,0
AGR,10_11_1,48,0
AGR,10_11_1,49,0
AGR,10_11_1,50,1
AGR,10_11_1,51,0
AGR,10_11_1,52,0
AGR,10_11_1,53,1
AGR,10_11_1,54,1
AGR,10_11_1,55,1
AGR,10_11_1,56,0
AGR,10_11_1,57,4
AGR,10_11_1,58,1
AGR,10_11_1,59,0
AGR,10_11_1,60,2
AGR,10_11_1,61,16
AGR,10_11_1,62,2
AGR,10_11_1,63,1
AGR,10_11_1,64,1
AGR,10_11_1,65,1
AGR,10_11_1,66,1
AGR,10_11_1,67,0
AGR,10_11_1,68,2
AGR,10_11_1,69,0
AGR,10_11_1,70,2
AGR,10_11_2,1,5
AGR,10_11_2,2,0
AGR,10_11_2,3,0
AGR,10_11_2,4,0
AGR,10_11_2,5,0
AGR,10_11_2,6,1
AGR,10_11_2,7,2
AGR,10_11_2,8,2
AGR,10_11_2,9,0
AGR,10_11_2,10,0
AGR,10_11_2,11,0
AGR,10_11_2,12,0
AGR,10_11_2,13,1
AGR,10_11_2,14,0
AGR,10_11_2,15,0
AGR,10_11_2,16,0
AGR,10_11_2,17,1
AGR,10_11_2,18,1
AGR,10_11_2,19,1
AGR,10_11_2,20,1
AGR,10_11_2,21,0
AGR,10_11_2,22,1
AGR,10_11_2,23,0
AGR,10_11_2,24,0
AGR,10_11_2,25,4
AGR,10_11_2,26,1
AGR,10_11_2,27,1
AGR,10_11_2,28,0
AGR,10_11_2,29,1
AGR,10_11_2,30,0
AGR,10_11_2,31,0
AGR,10_11_2,32,0
AGR,10_11_2,33,1
AGR,10_11_2,34,1
AGR,10_11_2,35,0
AGR,10_11_2,36,1
AGR,10_11_2,37,2
AGR,10_11_2,38,0
AGR,10_11_2,39,0
AGR,10_11_2,40,0
AGR,10_11_2,41,0
AGR,10_11_2,42,0
AGR,10_11_2,43,0
AGR,10_11_2,44,0
AGR,10_11_2,45,0
AGR,10_11_2,46,0
AGR,10_11_2,47,1
AGR,10_11_2,48,0
AGR,10_11_2,49,1
AGR,10_11_2,50,1
AGR,10_11_2,51,0
AGR,10_11_2,52,2
AGR,10_11_2,53,0
AGR,10_11_2,54,4
AGR,10_11_2,55,1
AGR,10_11_2,56,0
AGR,10_11_2,57,1
AGR,10_11_2,58,0
AGR,10_11_2,59,1
AGR,10_11_2,60,0
AGR,10_11_2,61,1
AGR,10_11_2,62,0
AGR,10_11_2,63,2
AGR,10_11_2,64,1
AGR,10_11_2,65,1
AGR,10_11_2,66,1
AGR,10_11_2,67,0
AGR,10_11_2,68,0
AGR,10_11_2,69,0
AGR,10_11_2,70,0
AGR,10_11_2,71,0
AGR,10_11_2,72,2
AHH,10_11_1,1,5
AHH,10_11_1,2,1
AHH,10_11_1,3,2
AHH,10_11_1,4,2
AHH,10_11_1,5,4
AHH,10_11_1,6,4
AHH,10_11_1,7,2
AHH,10_11_1,8,3
AHH,10_11_1,9,3
AHH,10_11_1,10,5
AHH,10_11_1,11,1
AHH,10_11_1,12,1
AHH,10_11_1,13,2
AHH,10_11_1,14,2
AHH,10_11_1,15,3
AHH,10_11_1,16,2
AHH,10_11_1,17,2
AHH,10_11_1,18,2
AHH,10_11_1,19,2
AHH,10_11_1,20,5
AHH,10_11_1,21,1
AHH,10_11_1,22,2
AHH,10_11_1,23,3
AHH,10_11_1,24,2
AHH,10_11_1,25,3
AHH,10_11_1,26,2
AHH,10_11_1,27,4
AHH,10_11_1,28,3
AHH,10_11_1,29,2
AHH,10_11_1,30,4
AHH,10_11_1,31,4
AHH,10_11_1,32,1
AHH,10_11_1,33,5
AHH,10_11_1,34,2
AHH,10_11_1,35,2
AHH,10_11_1,36,3
AHH,10_11_1,37,3
AHH,10_11_1,38,4
AHH,10_11_1,39,1
AHH,10_11_1,40,4
AHH,10_11_1,41,5
AHH,10_11_1,42,3
AHH,10_11_1,43,1
AHH,10_11_1,44,6
AHH,10_11_1,45,1
AHH,10_11_1,46,1
AHH,10_11_1,47,0
AHH,10_11_1,48,3
AHH,10_11_1,49,0
AHH,10_11_1,50,5
AHH,10_11_1,51,1
AHH,10_11_1,52,4
AHH,10_11_1,53,2
AHH,10_11_1,54,1
AHH,10_11_1,55,6
AHH,10_11_1,56,2
AHH,10_11_1,57,3
AHH,10_11_1,58,1
AHH,10_11_1,59,1
AHH,10_11_1,60,1
AHH,10_11_1,61,2
AHH,10_11_1,62,3
AHH,10_11_1,63,1
AHH,10_11_1,64,3
AHH,10_11_1,65,6
AHH,10_11_1,66,0
AHH,10_11_1,67,1
AHH,10_11_1,68,9
AHH,10_11_1,69,1
AHH,10_11_1,70,1
AHH,10_11_1,71,3
AHH,10_11_1,72,1
AHH,10_11_2,1,2
AHH,10_11_2,2,0
AHH,10_11_2,3,1
AHH,10_11_2,4,5
AHH,10_11_2,5,4
AHH,10_11_2,6,2
AHH,10_11_2,7,0
AHH,10_11_2,8,1
AHH,10_11_2,9,0
AHH,10_11_2,10,2
AHH,10_11_2,11,2
AHH,10_11_2,12,2
AHH,10_11_2,13,0
AHH,10_11_2,14,1
AHH,10_11_2,15,2
AHH,10_11_2,16,3
AHH,10_11_2,17,2
AHH,10_11_2,18,2
AHH,10_11_2,19,4
AHH,10_11_2,20,9
AHH,10_11_2,21,1
AHH,10_11_2,22,2
AHH,10_11_2,23,1
AHH,10_11_2,24,5
AHH,10_11_2,25,2
AHH,10_11_2,26,3
AHH,10_11_2,27,2
AHH,10_11_2,28,4
AHH,10_11_2,29,1
AHH,10_11_2,30,1
AHH,10_11_2,31,3
AHH,10_11_2,32,3
AHH,10_11_2,33,3
AHH,10_11_2,34,6
AHH,10_11_2,35,3
AHH,10_11_2,36,2
AHH,10_11_2,37,1
AHH,10_11_2,38,1
AHH,10_11_2,39,0
AHH,10_11_2,40,2
AHH,10_11_2,41,2
AHH,10_11_2,42,1
AHH,10_11_2,43,1
AHH,10_11_2,44,4
AHH,10_11_2,45,3
AHH,10_11_2,46,3
AHH,10_11_2,47,1
AHH,10_11_2,48,0
AHH,10_11_2,49,0
AHH,10_11_2,50,3
AHH,10_11_2,51,3
AHH,10_11_2,52,3
AHH,10_11_2,53,0
AHH,10_11_2,54,1
AHH,10_11_2,55,7
AHH,10_11_2,56,0
AHH,10_11_2,57,4
AHH,10_11_2,58,1
AHH,10_11_3,1,2
AHH,10_11_3,2,1
AHH,10_11_3,3,1
AHH,10_11_3,4,1
AHH,10_11_3,5,2
AHH,10_11_3,6,3
AHH,10_11_3,7,5
AHH,10_11_3,8,4
AHH,10_11_3,9,1
AHH,10_11_3,10,1
AHH,10_11_3,11,3
AHH,10_11_3,12,8
AHH,10_11_3,13,1
AHH,10_11_3,14,4
AHH,10_11_3,15,4
AHH,10_11_3,16,1
AHH,10_11_3,17,0
AHH,10_11_3,18,3
AHH,10_11_3,19,3
AHH,10_11_3,20,1
AHH,10_11_3,21,3
AHH,10_11_3,22,1
AHH,10_11_3,23,16
AHH,10_11_3,24,2
AHH,10_11_3,25,2
AHH,10_11_3,26,2
AHH,10_11_3,27,3
AHH,10_11_3,28,0
AHH,10_11_3,29,1
AHH,10_11_3,30,1
AHH,10_11_3,31,16
AHH,10_11_3,32,2
AHH,10_11_3,33,2
AHH,10_11_3,34,1
AHH,10_11_3,35,1
AHH,10_11_3,36,1
AHH,10_11_3,37,1
AHH,10_11_3,38,1
AHH,10_11_3,39,0
AHH,10_11_3,40,0
AHH,10_11_3,41,1
AHH,10_11_3,42,0
AHH,10_11_3,43,3
AHH,10_11_3,44,0
AHH,10_11_3,45,0
AHH,10_11_3,46,4
AHH,10_11_3,47,6
AHH,10_11_3,48,3
AHH,10_11_3,49,6
AHH,10_11_3,50,2
AHH,10_11_3,51,1
AHH,10_11_3,52,1
AHH,10_11_3,53,1
AHH,10_11_3,54,1
AHH,10_11_3,55,1
AHH,10_11_3,56,4
AHH,10_11_3,57,1
AHH,10_11_3,58,2
AHH,10_11_3,59,1
AHH,10_11_3,60,1
AHH,10_11_3,61,1
AHH,10_11_3,62,1
AHH,10_11_3,63,1
AHH,10_11_3,64,26
AHH,10_11_3,65,6
AHH,10_11_3,66,2
AHH,10_11_3,67,3
AHH,10_11_3,68,2
AHH,10_11_3,69,1
AHH,10_11_3,70,2
AHH,10_11_3,71,4
AHH,10_11_3,72,2
ACM,11_17_1,1,10
ACM,11_17_1,2,15
ACM,11_17_1,3,8
ACM,11_17_1,4,10
ACM,11_17_1,5,8
ACM,11_17_1,6,12
ACM,11_17_1,7,8
ACM,11_17_1,8,8
ACM,11_17_1,9,15
ACM,11_17_1,10,10
ACM,11_17_1,11,9
ACM,11_17_1,12,8
ACM,11_17_1,13,12
ACM,11_17_1,14,25
ACM,11_17_1,15,17
ACM,11_17_1,16,8
ACM,11_17_1,17,22
ACM,11_17_1,18,9
ACM,11_17_1,19,18
ACM,11_17_1,20,11
ACM,11_17_1,21,26
ACM,11_17_1,22,26
ACM,11_17_1,23,20
ACM,11_17_1,24,14
ACM,11_17_1,25,12
ACM,11_17_1,26,8
ACM,11_17_1,27,2
ACM,11_17_1,28,29
ACM,11_17_1,29,11
ACM,11_17_1,30,9
ACM,11_17_1,31,13
ACM,11_17_1,32,14
ACM,11_17_1,33,16
ACM,11_17_1,34,36
ACM,11_17_1,35,31
ACM,11_17_1,36,6
ACM,11_17_1,37,18
ACM,11_17_1,38,13
ACM,11_17_1,39,13
ACM,11_17_1,40,14
ACM,11_17_1,41,14
ACM,11_17_1,42,7
ACM,11_17_1,43,13
ACM,11_17_1,44,13
ACM,11_17_1,45,7
ACM,11_17_1,46,13
ACM,11_17_1,47,16
ACM,11_17_1,48,13
ACM,11_17_1,49,14
ACM,11_17_1,50,21
ACM,11_17_1,51,10
ACM,11_17_1,52,11
ACM,11_17_1,53,12
ACM,11_17_1,54,19
ACM,11_17_1,55,25
ACM,11_17_1,56,7
ACM,11_17_1,57,75
ACM,11_17_1,58,16
ACM,11_17_1,59,4
ACM,11_17_1,60,12
ACM,11_17_1,61,11
ACM,11_17_1,62,7
ACM,11_17_1,63,11
ACM,11_17_1,64,14
ACM,11_17_1,65,16
ACM,11_17_1,66,15
ACM,11_17_1,67,12
ACM,11_17_1,68,14
ACM,11_17_1,69,10
ACM,11_17_1,70,14
ACM,11_17_1,71,6
ACM,11_17_1,72,13
ACM,11_17_2,1,16
ACM,11_17_2,2,9
ACM,11_17_2,3,18
ACM,11_17_2,4,7
ACM,11_17_2,5,10
ACM,11_17_2,6,6
ACM,11_17_2,7,7
ACM,11_17_2,8,7
ACM,11_17_2,9,13
ACM,11_17_2,10,6
ACM,11_17_2,11,23
ACM,11_17_2,12,5
ACM,11_17_2,13,23
ACM,11_17_2,14,15
ACM,11_17_2,15,4
ACM,11_17_2,16,6
ACM,11_17_2,17,6
ACM,11_17_2,18,6
ACM,11_17_2,19,69
ACM,11_17_2,20,15
ACM,11_17_2,21,8
ACM,11_17_2,22,8
ACM,11_17_2,23,24
ACM,11_17_2,24,10
ACM,11_17_2,25,13
ACM,11_17_2,26,16
ACM,11_17_2,27,16
ACM,11_17_2,28,10
ACM,11_17_2,29,13
ACM,11_17_2,30,10
ACM,11_17_2,31,12
ACM,11_17_2,32,7
ACM,11_17_2,33,7
ACM,11_17_2,34,6
ACM,11_17_2,35,13
ACM,11_17_2,36,13
ACM,11_17_2,37,11
ACM,11_17_2,38,14
ACM,11_17_2,39,75
ACM,11_17_2,40,4
ACM,11_17_2,41,24
ACM,11_17_2,42,11
ACM,11_17_2,43,2
ACM,11_17_2,44,5
ACM,11_17_2,45,5
ACM,11_17_2,46,24
ACM,11_17_2,47,10
ACM,11_17_2,48,6
ACM,11_17_2,49,12
ACM,11_17_2,50,25
ACM,11_17_2,51,15
ACM,11_17_2,52,4
ACM,11_17_2,53,14
ACM,11_17_2,54,7
ACM,11_17_2,55,4
ACM,11_17_2,56,7
ACM,11_17_2,57,80
ACM,11_17_2,58,14
ACM,11_17_2,59,6
ACM,11_17_2,60,19
ACM,11_17_2,61,27
ACM,11_17_2,62,8
ACM,11_17_2,63,9
ACM,11_17_2,64,30
ACM,11_17_2,65,9
ACM,11_17_2,66,14
ACM,11_17_2,67,6
ACM,11_17_2,68,9
ACM,11_17_2,69,4
ACM,11_17_2,70,3
ACM,11_17_2,71,12
ACM,11_17_2,72,7
CEV,11_17_2,1,0
CEV,11_17_2,2,0
CEV,11_17_2,3,3
CEV,11_17_2,4,0
CEV,11_17_2,5,0
CEV,11_17_2,6,0
CEV,11_17_2,7,0
CEV,11_17_2,8,0
CEV,11_17_2,9,1
CEV,11_17_2,10,80
CEV,11_17_2,11,0
CEV,11_17_2,12,1
CEV,11_17_2,13,0
CEV,11_17_2,14,0
CEV,11_17_2,15,2
CEV,11_17_2,16,0
CEV,11_17_2,17,1
CEV,11_17_2,18,0
CEV,11_17_2,19,0
CEV,11_17_2,20,0
CEV,11_17_2,21,0
CEV,11_17_2,22,0
CEV,11_17_2,23,0
CEV,11_17_2,24,1
CEV,11_17_2,25,0
CEV,11_17_2,26,0
CEV,11_17_2,27,1
CEV,11_17_2,28,0
CEV,11_17_2,29,1
CEV,11_17_2,30,0
CEV,11_17_2,31,0
CEV,11_17_2,32,0
CEV,11_17_2,33,0
CEV,11_17_2,34,0
CEV,11_17_2,35,1
CEV,11_17_2,36,0
CEV,11_17_2,37,1
CEV,11_17_2,38,0
CEV,11_17_2,39,1
CEV,11_17_2,40,0
CEV,11_17_2,41,0
CEV,11_17_2,42,1
CEV,11_17_2,43,1
CEV,11_17_2,44,0
CEV,11_17_2,45,1
CEV,11_17_2,46,0
CEV,11_17_2,47,1
CEV,11_17_2,48,0
CEV,11_17_2,49,1
CEV,11_17_2,50,0
CEV,11_17_2,51,1
CEV,11_17_2,52,5
CEV,11_17_2,53,2
CEV,11_17_2,54,1
CEV,11_17_2,55,1
CEV,11_17_2,56,0
CEV,11_17_2,57,0
CEV,11_17_2,58,1
CEV,11_17_2,59,1
CEV,11_17_2,60,2
CEV,11_17_2,61,0
CEV,11_17_2,62,50
CEV,11_17_2,63,0
CEV,11_17_2,64,2
CEV,11_17_2,65,0
CEV,11_17_2,66,3
CEV,11_17_2,67,0
CEV,11_17_2,68,1
CEV,11_17_2,69,1
CEV,11_17_2,70,2
CEV,11_17_2,71,2
CEV,11_17_2,72,0
alpha54,12_6_1,1,0
alpha54,12_6_1,2,4
alpha54,12_6_1,3,0
alpha54,12_6_1,4,4
alpha54,12_6_1,5,4
alpha54,12_6_1,6,1
alpha54,12_6_1,7,0
alpha54,12_6_1,8,0
alpha54,12_6_1,9,1
alpha54,12_6_1,10,0
alpha54,12_6_1,11,4
alpha54,12_6_1,12,0
alpha54,12_6_1,13,1
alpha54,12_6_1,14,2
alpha54,12_6_1,15,0
alpha54,12_6_1,16,0
alpha54,12_6_1,17,1
alpha54,12_6_1,18,5
alpha54,12_6_1,19,1
alpha54,12_6_1,20,1
alpha54,12_6_1,21,2
alpha54,12_6_1,22,0
alpha54,12_6_1,23,0
alpha54,12_6_1,24,0
alpha54,12_6_1,25,2
alpha54,12_6_1,26,0
alpha54,12_6_1,27,1
alpha54,12_6_1,28,0
alpha54,12_6_1,29,0
alpha54,12_6_1,30,0
alpha54,12_6_1,31,27
alpha54,12_6_1,32,0
alpha54,12_6_1,33,4
alpha54,12_6_1,34,0
alpha54,12_6_1,35,0
alpha54,12_6_1,36,0
alpha54,12_6_1,37,1
alpha54,12_6_1,38,1
alpha54,12_6_1,39,8
alpha54,12_6_1,40,1
alpha54,12_6_1,41,2
alpha54,12_6_1,42,5
alpha54,12_6_1,43,1
alpha54,12_6_1,44,0
alpha54,12_6_1,45,0
alpha54,12_6_1,46,5
alpha54,12_6_1,47,0
alpha54,12_6_1,48,0
alpha54,12_6_1,49,0
alpha54,12_6_1,50,1
alpha54,12_6_1,51,0
alpha54,12_6_1,52,0
alpha54,12_6_1,53,0
alpha54,12_6_1,54,1
alpha54,12_6_1,55,0
alpha54,12_6_1,56,1
alpha54,12_6_1,57,1
alpha54,12_6_1,58,0
alpha54,12_6_1,59,0
alpha54,12_6_1,60,1
alpha54,12_6_1,61,0
alpha54,12_6_1,62,1
alpha54,12_6_1,63,2
alpha54,12_6_1,64,1
alpha54,12_6_1,65,0
alpha54,12_6_1,66,2
alpha54,12_6_1,67,0
alpha54,12_6_1,68,0
alpha54,12_6_1,69,12
alpha54,12_6_1,70,0
alpha54,12_6_1,71,0
alpha54,12_6_1,72,0
alpha54,12_6_2,1,0
alpha54,12_6_2,2,0
alpha54,12_6_2,3,0
alpha54,12_6_2,4,6
alpha54,12_6_2,5,3
alpha54,12_6_2,6,1
alpha54,12_6_2,7,0
alpha54,12_6_2,8,0
alpha54,12_6_2,9,0
alpha54,12_6_2,10,1
alpha54,12_6_2,11,2
alpha54,12_6_2,12,0
alpha54,12_6_2,13,0
alpha54,12_6_2,14,1
alpha54,12_6_2,15,0
alpha54,12_6_2,16,1
alpha54,12_6_2,17,2
alpha54,12_6_2,18,1
alpha54,12_6_2,19,1
alpha54,12_6_2,20,1
alpha54,12_6_2,21,0
alpha54,12_6_2,22,0
alpha54,12_6_2,23,1
alpha54,12_6_2,24,1
alpha54,12_6_2,25,3
alpha54,12_6_2,26,9
alpha54,12_6_2,27,1
alpha54,12_6_2,28,2
alpha54,12_6_2,29,0
alpha54,12_6_2,30,1
alpha54,12_6_2,31,0
alpha54,12_6_2,32,0
alpha54,12_6_2,33,2
alpha54,12_6_2,34,1
alpha54,12_6_2,35,0
alpha54,12_6_2,36,1
alpha54,12_6_2,37,0
alpha54,12_6_2,38,1
alpha54,12_6_2,39,0
alpha54,12_6_2,40,0
alpha54,12_6_2,41,0
alpha54,12_6_2,42,2
alpha54,12_6_2,43,0
alpha54,12_6_2,44,1
alpha54,12_6_2,45,1
alpha54,12_6_2,46,0
alpha54,12_6_2,47,1
alpha54,12_6_2,48,2
alpha54,12_6_2,49,0
alpha54,12_6_2,50,0
alpha54,12_6_2,51,0
alpha54,12_6_2,52,0
alpha54,12_6_2,53,8
alpha54,12_6_2,54,3
alpha54,12_6_2,55,13
alpha54,12_6_2,56,1
alpha54,12_6_2,57,1
alpha54,12_6_2,58,1
alpha54,12_6_2,59,5
alpha54,12_6_2,60,1
alpha54,12_6_2,61,0
alpha54,12_6_2,62,0
alpha54,12_6_2,63,0
alpha54,12_6_2,64,0
alpha54,12_6_2,65,1
alpha54,12_6_2,66,1
alpha54,12_6_2,67,1
alpha54,12_6_2,68,0
alpha54,12_6_2,69,1
alpha54,12_6_2,70,0
alpha54,12_6_2,71,1
alpha54,12_6_2,72,6
ACS,12_6_1,1,0
ACS,12_6_1,2,2
ACS,12_6_1,3,3
ACS,12_6_1,4,0
ACS,12_6_1,5,2
ACS,12_6_1,6,1
ACS,12_6_1,7,1
ACS,12_6_1,8,1
ACS,12_6_1,9,1
ACS,12_6_1,10,0
ACS,12_6_1,11,1
ACS,12_6_1,12,0
ACS,12_6_1,13,0
ACS,12_6_1,14,0
ACS,12_6_1,15,1
ACS,12_6_1,16,0
ACS,12_6_1,17,1
ACS,12_6_1,18,1
ACS,12_6_1,19,1
ACS,12_6_1,20,0
ACS,12_6_1,21,7
ACS,12_6_1,22,0
ACS,12_6_1,23,2
ACS,12_6_1,24,1
ACS,12_6_1,25,1
ACS,12_6_1,26,2
ACS,12_6_1,27,2
ACS,12_6_1,28,1
ACS,12_6_1,29,0
ACS,12_6_1,30,0
ACS,12_6_1,31,0
ACS,12_6_1,32,1
ACS,12_6_1,33,2
ACS,12_6_1,34,38
ACS,12_6_1,35,3
ACS,12_6_1,36,1
ACS,12_6_1,37,1
ACS,12_6_1,38,2
ACS,12_6_1,39,3
ACS,12_6_1,40,3
ACS,12_6_1,41,2
ACS,12_6_1,42,0
ACS,12_6_1,43,0
ACS,12_6_1,44,1
ACS,12_6_1,45,1
ACS,12_6_1,46,8
ACS,12_6_1,47,1
ACS,12_6_1,48,2
ACS,12_6_1,49,2
ACS,12_6_1,50,0
ACS,12_6_1,51,1
ACS,12_6_1,52,1
ACS,12_6_1,53,0
ACS,12_6_1,54,2
ACS,12_6_1,55,0
ACS,12_6_1,56,0
ACS,12_6_1,57,0
ACS,12_6_1,58,4
ACS,12_6_1,59,1
ACS,12_6_1,60,0
ACS,12_6_1,61,2
ACS,12_6_1,62,0
ACS,12_6_1,63,1
ACS,12_6_1,64,10
ACS,12_6_1,65,0
ACS,12_6_1,66,1
ACS,12_6_1,67,0
ACS,12_6_1,68,1
ACS,12_6_1,69,2
ACS,12_6_1,70,0
ACS,12_6_1,71,3
ACS,12_6_1,72,1
ACS,12_6_2,1,2
ACS,12_6_2,2,0
ACS,12_6_2,3,0
ACS,12_6_2,4,1
ACS,12_6_2,5,1
ACS,12_6_2,6,1
ACS,12_6_2,7,0
ACS,12_6_2,8,0
ACS,12_6_2,9,0
ACS,12_6_2,10,1
ACS,12_6_2,11,3
ACS,12_6_2,12,2
ACS,12_6_2,13,0
ACS,12_6_2,14,1
ACS,12_6_2,15,0
ACS,12_6_2,16,0
ACS,12_6_2,17,0
ACS,12_6_2,18,0
ACS,12_6_2,19,2
ACS,12_6_2,20,0
ACS,12_6_2,21,1
ACS,12_6_2,22,0
ACS,12_6_2,23,0
ACS,12_6_2,24,0
ACS,12_6_2,25,7
ACS,12_6_2,26,1
ACS,12_6_2,27,1
ACS,12_6_2,28,1
ACS,12_6_2,29,0
ACS,12_6_2,30,1
ACS,12_6_2,31,0
ACS,12_6_2,32,0
ACS,12_6_2,33,1
ACS,12_6_2,34,1
ACS,12_6_2,35,1
ACS,12_6_2,36,1
ACS,12_6_2,37,11
ACS,12_6_2,38,0
ACS,12_6_2,39,0
ACS,12_6_2,40,2
ACS,12_6_2,41,0
ACS,12_6_2,42,1
ACS,12_6_2,43,3
ACS,12_6_2,44,0
ACS,12_6_2,45,1
ACS,12_6_2,46,0
ACS,12_6_2,47,1
ACS,12_6_2,48,0
ACS,12_6_2,49,4
ACS,12_6_2,50,0
ACS,12_6_2,51,0
ACS,12_6_2,52,0
ACS,12_6_2,53,0
ACS,12_6_2,54,0
ACS,12_6_2,55,0
ACS,12_6_2,56,1
ACS,12_6_2,57,0
ACS,12_6_2,58,2
ACS,12_6_2,59,0
ACS,12_6_2,60,0
ACS,12_6_2,61,1
ACS,12_6_2,62,2
ACS,12_6_2,63,0
ACS,12_6_2,64,0
ACS,12_6_2,65,1
ACS,12_6_2,66,0
ACS,12_6_2,67,2
ACS,12_6_2,68,2
ACS,12_6_2,69,6
ACS,12_6_2,70,1
ACS,12_6_2,71,0
ACS,12_6_2,72,1
alpha54,12_12_1,1,2
alpha54,12_12_1,2,0
alpha54,12_12_1,3,0
alpha54,12_12_1,4,4
alpha54,12_12_1,5,0
alpha54,12_12_1,6,1
alpha54,12_12_1,7,1
alpha54,12_12_1,8,0
alpha54,12_12_1,9,0
alpha54,12_12_1,10,0
alpha54,12_12_1,11,1
alpha54,12_12_1,12,0
alpha54,12_12_1,13,3
alpha54,12_12_1,14,0
alpha54,12_12_1,15,1
alpha54,12_12_1,16,1
alpha54,12_12_1,17,0
alpha54,12_12_1,18,1
alpha54,12_12_1,19,2
alpha54,12_12_1,20,3
alpha54,12_12_1,21,2
alpha54,12_12_1,22,26
alpha54,12_12_1,23,2
alpha54,12_12_1,24,0
alpha54,12_12_1,25,3
alpha54,12_12_1,26,0
alpha54,12_12_1,27,0
alpha54,12_12_1,28,0
alpha54,12_12_1,29,0
alpha54,12_12_1,30,1
alpha54,12_12_1,31,3
alpha54,12_12_1,32,0
alpha54,12_12_1,33,2
alpha54,12_12_1,34,8
alpha54,12_12_1,35,0
alpha54,12_12_1,36,2
alpha54,12_12_1,37,3
alpha54,12_12_1,38,2
alpha54,12_12_1,39,2
alpha54,12_12_1,40,0
alpha54,12_12_1,41,2
alpha54,12_12_1,42,1
alpha54,12_12_1,43,0
alpha54,12_12_1,44,1
alpha54,12_12_1,45,1
alpha54,12_12_1,46,0
alpha54,12_12_1,47,0
alpha54,12_12_1,48,0
alpha54,12_12_1,49,0
alpha54,12_12_1,50,0
alpha54,12_12_1,51,0
alpha54,12_12_1,52,0
alpha54,12_12_1,53,5
alpha54,12_12_1,54,0
alpha54,12_12_1,55,2
alpha54,12_12_1,56,6
alpha54,12_12_1,57,0
alpha54,12_12_1,58,1
alpha54,12_12_1,59,2
alpha54,12_12_1,60,4
alpha54,12_12_1,61,1
alpha54,12_12_1,62,0
alpha54,12_12_1,63,0
alpha54,12_12_1,64,0
alpha54,12_12_1,65,1
alpha54,12_12_1,66,1
alpha54,12_12_1,67,0
alpha54,12_12_1,68,0
alpha54,12_12_1,69,1
alpha54,12_12_1,70,0
alpha54,12_12_1,71,0
alpha54,12_12_1,72,3
alpha54,12_12_2,1,0
alpha54,12_12_2,2,1
alpha54,12_12_2,3,0
alpha54,12_12_2,4,1
alpha54,12_12_2,5,2
alpha54,12_12_2,6,0
alpha54,12_12_2,7,0
alpha54,12_12_2,8,0
alpha54,12_12_2,9,0
alpha54,12_12_2,10,0
alpha54,12_12_2,11,0
alpha54,12_12_2,12,1
alpha54,12_12_2,13,1
alpha54,12_12_2,14,1
alpha54,12_12_2,15,2
alpha54,12_12_2,16,0
alpha54,12_12_2,17,0
alpha54,12_12_2,18,8
alpha54,12_12_2,19,4
alpha54,12_12_2,20,0
alpha54,12_12_2,21,0
alpha54,12_12_2,22,2
alpha54,12_12_2,23,0
alpha54,12_12_2,24,0
alpha54,12_12_2,25,0
alpha54,12_12_2,26,50
alpha54,12_12_2,27,0
alpha54,12_12_2,28,0
alpha54,12_12_2,29,3
alpha54,12_12_2,30,2
alpha54,12_12_2,31,0
alpha54,12_12_2,32,3
alpha54,12_12_2,33,6
alpha54,12_12_2,34,19
alpha54,12_12_2,35,0
alpha54,12_12_2,36,0
alpha54,12_12_2,37,4
alpha54,12_12_2,38,0
alpha54,12_12_2,39,1
alpha54,12_12_2,40,0
alpha54,12_12_2,41,0
alpha54,12_12_2,42,0
alpha54,12_12_2,43,0
alpha54,12_12_2,44,0
alpha54,12_12_2,45,0
alpha54,12_12_2,46,0
alpha54,12_12_2,47,0
alpha54,12_12_2,48,1
alpha54,12_12_2,49,0
alpha54,12_12_2,50,1
alpha54,12_12_2,51,0
alpha54,12_12_2,52,0
alpha54,12_12_2,53,0
alpha54,12_12_2,54,1
alpha54,12_12_2,55,0
alpha54,12_12_2,56,8
alpha54,12_12_2,57,0
alpha54,12_12_2,58,3
alpha54,12_12_2,59,1
alpha54,12_12_2,60,1
alpha54,12_12_2,61,0
alpha54,12_12_2,62,0
alpha54,12_12_2,63,0
alpha54,12_12_2,64,0
alpha54,12_12_2,65,2
alpha54,12_12_2,66,1
alpha54,12_12_2,67,1
alpha54,12_12_2,68,0
alpha54,12_12_2,69,0
alpha54,12_12_2,70,0
alpha54,12_12_2,71,5
alpha54,12_12_2,72,4
AAB,12_19_1,1,1
AAB,12_19_1,2,0
AAB,12_19_1,3,1
AAB,12_19_1,4,1
AAB,12_19_1,5,1
AAB,12_19_1,6,1
AAB,12_19_1,7,1
AAB,12_19_1,8,16
AAB,12_19_1,9,0
AAB,12_19_1,10,0
AAB,12_19_1,11,200
AAB,12_19_1,12,0
AAB,12_19_1,13,0
AAB,12_19_1,14,0
AAB,12_19_1,15,3
AAB,12_19_1,16,0
AAB,12_19_1,17,1
AAB,12_19_1,18,3
AAB,12_19_1,19,1
AAB,12_19_1,20,5
AAB,12_19_1,21,0
AAB,12_19_1,22,0
AAB,12_19_1,23,1
AAB,12_19_1,24,1
AAB,12_19_1,25,0
AAB,12_19_1,26,0
AAB,12_19_1,27,1
AAB,12_19_1,28,3
AAB,12_19_1,29,0
AAB,12_19_1,30,2
AAB,12_19_1,31,1
AAB,12_19_1,32,1
AAB,12_19_1,33,0
AAB,12_19_1,34,0
AAB,12_19_1,35,1
AAB,12_19_1,36,1
AAB,12_19_1,37,0
AAB,12_19_1,38,0
AAB,12_19_1,39,1
AAB,12_19_1,40,2
AAB,12_19_1,41,5
AAB,12_19_1,42,2
AAB,12_19_1,43,1
AAB,12_19_1,44,0
AAB,12_19_1,45,0
AAB,12_19_1,46,0
AAB,12_19_1,47,1
AAB,12_19_1,48,2
AAB,12_19_1,49,0
AAB,12_19_1,50,0
AAB,12_19_1,51,1
AAB,12_19_1,52,1
AAB,12_19_1,53,1
AAB,12_19_1,54,1
AAB,12_19_1,55,0
AAB,12_19_1,56,1
AAB,12_19_1,57,2
AAB,12_19_1,58,2
AAB,12_19_1,59,0
AAB,12_19_1,60,0
AAB,12_19_1,61,1
AAB,12_19_1,62,2
AAB,12_19_1,63,1
AAB,12_19_1,64,1
AAB,12_19_1,65,0
AAB,12_19_1,66,2
AAB,12_19_1,67,0
AAB,12_19_1,68,2
AAB,12_19_1,69,0
AAB,12_19_1,70,0
AAB,12_19_1,71,1
AAB,12_19_1,72,0
AAB,12_19_2,1,2
AAB,12_19_2,2,2
AAB,12_19_2,3,1
AAB,12_19_2,4,2
AAB,12_19_2,5,1
AAB,12_19_2,6,0
AAB,12_19_2,7,0
AAB,12_19_2,8,2
AAB,12_19_2,9,0
AAB,12_19_2,10,0
AAB,12_19_2,11,1
AAB,12_19_2,12,0
AAB,12_19_2,13,2
AAB,12_19_2,14,0
AAB,12_19_2,15,2
AAB,12_19_2,16,0
AAB,12_19_2,17,1
AAB,12_19_2,18,0
AAB,12_19_2,19,1
AAB,12_19_2,20,2
AAB,12_19_2,21,4
AAB,12_19_2,22,0
AAB,12_19_2,23,0
AAB,12_19_2,24,1
AAB,12_19_2,25,0
AAB,12_19_2,26,0
AAB,12_19_2,27,0
AAB,12_19_2,28,0
AAB,12_19_2,29,1
AAB,12_19_2,30,0
AAB,12_19_2,31,1
AAB,12_19_2,32,1
AAB,12_19_2,33,0
AAB,12_19_2,34,0
AAB,12_19_2,35,0
AAB,12_19_2,36,2
AAB,12_19_2,37,2
AAB,12_19_2,38,1
AAB,12_19_2,39,0
AAB,12_19_2,40,0
AAB,12_19_2,41,0
AAB,12_19_2,42,1
AAB,12_19_2,43,1
AAB,12_19_2,44,2
AAB,12_19_2,45,0
AAB,12_19_2,46,0
AAB,12_19_2,47,1
AAB,12_19_2,48,0
AAB,12_19_2,49,2
AAB,12_19_2,50,0
AAB,12_19_2,51,2
AAB,12_19_2,52,0
AAB,12_19_2,53,1
AAB,12_19_2,54,0
AAB,12_19_2,55,1
AAB,12_19_2,56,1
AAB,12_19_2,57,1
AAB,12_19_2,58,0
AAB,12_19_2,59,2
AAB,12_19_2,60,1
AAB,12_19_2,61,2
AAB,12_19_2,62,0
AAB,12_19_2,63,1
AAB,12_19_2,64,0
AAB,12_19_2,65,1
AAB,12_19_2,66,0
AAB,12_19_2,67,0
AAB,12_19_2,68,2
AAB,12_19_2,69,0
AAB,12_19_2,70,1
AAB,12_19_2,71,2
AAB,12_19_2,72,1
CEI-d1-b1,12_19_1,1,0
CEI-d1-b1,12_19_1,2,0
CEI-d1-b1,12_19_1,3,0
CEI-d1-b1,12_19_1,4,0
CEI-d1-b1,12_19_1,5,0
CEI-d1-b1,12_19_1,6,0
CEI-d1-b1,12_19_1,7,0
CEI-d1-b1,12_19_1,8,0
CEI-d1-b1,12_19_1,9,0
CEI-d1-b1,12_19_1,10,0
CEI-d1-b1,12_19_1,11,0
CEI-d1-b1,12_19_1,12,0
CEI-d1-b1,12_19_1,13,12
CEI-d1-b1,12_19_1,14,1
CEI-d1-b1,12_19_1,15,0
CEI-d1-b1,12_19_1,16,0
CEI-d1-b1,12_19_1,17,3
CEI-d1-b1,12_19_1,18,1
CEI-d1-b1,12_19_1,19,0
CEI-d1-b1,12_19_1,20,0
CEI-d1-b1,12_19_1,21,0
CEI-d1-b1,12_19_1,22,0
CEI-d1-b1,12_19_1,23,0
CEI-d1-b1,12_19_1,24,0
CEI-d1-b1,12_19_1,25,1
CEI-d1-b1,12_19_1,26,0
CEI-d1-b1,12_19_1,27,0
CEI-d1-b1,12_19_1,28,0
CEI-d1-b1,12_19_1,29,1
CEI-d1-b1,12_19_1,30,0
CEI-d1-b1,12_19_1,31,0
CEI-d1-b1,12_19_1,32,0
CEI-d1-b1,12_19_1,33,0
CEI-d1-b1,12_19_1,34,0
CEI-d1-b1,12_19_1,35,0
CEI-d1-b1,12_19_1,36,0
CEI-d1-b1,12_19_1,37,0
CEI-d1-b1,12_19_1,38,0
CEI-d1-b1,12_19_1,39,1
CEI-d1-b1,12_19_1,40,1
CEI-d1-b1,12_19_1,41,0
CEI-d1-b1,12_19_1,42,0
CEI-d1-b1,12_19_1,43,0
CEI-d1-b1,12_19_1,44,0
CEI-d1-b1,12_19_1,45,0
CEI-d1-b1,12_19_1,46,0
CEI-d1-b1,12_19_1,47,0
CEI-d1-b1,12_19_1,48,0
CEI-d1-b1,12_19_1,49,0
CEI-d1-b1,12_19_1,50,0
CEI-d1-b1,12_19_1,51,1
CEI-d1-b1,12_19_1,52,0
CEI-d1-b1,12_19_1,53,0
CEI-d1-b1,12_19_1,54,0
CEI-d1-b1,12_19_1,55,0
CEI-d1-b1,12_19_1,56,2
CEI-d1-b1,12_19_1,57,0
CEI-d1-b1,12_19_1,58,0
CEI-d1-b1,12_19_1,59,0
CEI-d1-b1,12_19_1,60,0
CEI-d1-b1,12_19_1,61,0
CEI-d1-b1,12_19_1,62,0
CEI-d1-b1,12_19_1,63,0
CEI-d1-b1,12_19_1,64,0
CEI-d1-b1,12_19_1,65,0
CEI-d1-b1,12_19_1,66,1
CEI-d1-b1,12_19_1,67,0
CEI-d1-b1,12_19_1,68,0
CEI-d1-b1,12_19_1,69,0
CEI-d1-b1,12_19_1,70,0
CEI-d1-b1,12_19_2,1,0
CEI-d1-b1,12_19_2,2,1
CEI-d1-b1,12_19_2,3,0
CEI-d1-b1,12_19_2,4,7
CEI-d1-b1,12_19_2,5,1
CEI-d1-b1,12_19_2,6,0
CEI-d1-b1,12_19_2,7,0
CEI-d1-b1,12_19_2,8,0
CEI-d1-b1,12_19_2,9,0
CEI-d1-b1,12_19_2,10,1
CEI-d1-b1,12_19_2,11,2
CEI-d1-b1,12_19_2,12,1
CEI-d1-b1,12_19_2,13,0
CEI-d1-b1,12_19_2,14,0
CEI-d1-b1,12_19_2,15,0
CEI-d1-b1,12_19_2,16,0
CEI-d1-b1,12_19_2,17,0
CEI-d1-b1,12_19_2,18,0
CEI-d1-b1,12_19_2,19,0
CEI-d1-b1,12_19_2,20,0
CEI-d1-b1,12_19_2,21,1
CEI-d1-b1,12_19_2,22,0
CEI-d1-b1,12_19_2,23,0
CEI-d1-b1,12_19_2,24,0
CEI-d1-b1,12_19_2,25,1
CEI-d1-b1,12_19_2,26,0
CEI-d1-b1,12_19_2,27,0
CEI-d1-b1,12_19_2,28,2
CEI-d1-b1,12_19_2,29,0
CEI-d1-b1,12_19_2,30,0
CEI-d1-b1,12_19_2,31,0
CEI-d1-b1,12_19_2,32,0
CEI-d1-b1,12_19_2,33,0
CEI-d1-b1,12_19_2,34,1
CEI-d1-b1,12_19_2,35,1
CEI-d1-b1,12_19_2,36,0
CEI-d1-b1,12_19_2,37,0
CEI-d1-b1,12_19_2,38,0
CEI-d1-b1,12_19_2,39,0
CEI-d1-b1,12_19_2,40,0
CEI-d1-b1,12_19_2,41,0
CEI-d1-b1,12_19_2,42,0
CEI-d1-b1,12_19_2,43,0
CEI-d1-b1,12_19_2,44,0
CEI-d1-b1,12_19_2,45,2
CEI-d1-b1,12_19_2,46,0
CEI-d1-b1,12_19_2,47,0
CEI-d1-b1,12_19_2,48,0
CEI-d1-b1,12_19_2,49,0
CEI-d1-b1,12_19_2,50,0
CEI-d1-b1,12_19_2,51,0
CEI-d1-b1,12_19_2,52,0
CEI-d1-b1,12_19_2,53,0
CEI-d1-b1,12_19_2,54,1
CEI-d1-b1,12_19_2,55,0
CEI-d1-b1,12_19_2,56,0
CEI-d1-b1,12_19_2,57,0
CEI-d1-b1,12_19_2,58,0
CEI-d1-b1,12_19_2,59,1
CEI-d1-b1,12_19_2,60,0
CEI-d1-b1,12_19_2,61,1
CEI-d1-b1,12_19_2,62,0
CEI-d1-b1,12_19_2,63,1
CEI-d1-b1,12_19_2,64,0
CEI-d1-b1,12_19_2,65,0
CEI-d1-b1,12_19_2,66,0
CEI-d1-b1,12_19_2,67,0
CEI-d1-b1,12_19_2,68,0
CEI-d1-b1,12_19_2,69,0
CEI-d1-b1,12_19_2,70,0
CEI-d1-b1,12_19_2,71,1
CEI-d1-b1,12_19_2,72,0
CEI-d1-b1,12_19_3,1,0
CEI-d1-b1,12_19_3,2,1
CEI-d1-b1,12_19_3,3,1
CEI-d1-b1,12_19_3,4,0
CEI-d1-b1,12_19_3,5,0
CEI-d1-b1,12_19_3,6,0
CEI-d1-b1,12_19_3,7,1
CEI-d1-b1,12_19_3,8,0
CEI-d1-b1,12_19_3,9,0
CEI-d1-b1,12_19_3,10,0
CEI-d1-b1,12_19_3,11,1
CEI-d1-b1,12_19_3,12,0
CEI-d1-b1,12_19_3,13,0
CEI-d1-b1,12_19_3,14,0
CEI-d1-b1,12_19_3,15,0
CEI-d1-b1,12_19_3,16,0
CEI-d1-b1,12_19_3,17,2
CEI-d1-b1,12_19_3,18,0
CEI-d1-b1,12_19_3,19,0
CEI-d1-b1,12_19_3,20,0
CEI-d1-b1,12_19_3,21,0
CEI-d1-b1,12_19_3,22,0
CEI-d1-b1,12_19_3,23,0
CEI-d1-b1,12_19_3,24,1
CEI-d1-b1,12_19_3,25,0
CEI-d1-b1,12_19_3,26,0
CEI-d1-b1,12_19_3,27,0
CEI-d1-b1,12_19_3,28,1
CEI-d1-b1,12_19_3,29,0
CEI-d1-b1,12_19_3,30,0
CEI-d1-b1,12_19_3,31,0
CEI-d1-b1,12_19_3,32,0
CEI-d1-b1,12_19_3,33,0
CEI-d1-b1,12_19_3,34,0
CEI-d1-b1,12_19_3,35,1
CEI-d1-b1,12_19_3,36,0
CEI-d1-b1,12_19_3,37,0
CEI-d1-b1,12_19_3,38,0
CEI-d1-b1,12_19_3,39,0
CEI-d1-b1,12_19_3,40,0
CEI-d1-b1,12_19_3,41,0
CEI-d1-b1,12_19_3,42,0
CEI-d1-b1,12_19_3,43,1
CEI-d1-b1,12_19_3,44,0
CEI-d1-b1,12_19_3,45,0
CEI-d1-b1,12_19_3,46,0
CEI-d1-b1,12_19_3,47,0
CEI-d1-b1,12_19_3,48,0
CEI-d1-b1,12_19_3,49,0
CEI-d1-b1,12_19_3,50,0
CEI-d1-b1,12_19_3,51,0
CEI-d1-b1,12_19_3,52,0
CEI-d1-b1,12_19_3,53,0
CEI-d1-b1,12_19_3,54,1
CEI-d1-b1,12_19_3,55,1
CEI-d1-b1,12_19_3,56,0
CEI-d1-b1,12_19_3,57,0
CEI-d1-b1,12_19_3,58,0
CEI-d1-b1,12_19_3,59,0
CEI-d1-b1,12_19_3,60,0
CEI-d1-b1,12_19_3,61,0
CEI-d1-b1,12_19_3,62,0
CEI-d1-b1,12_19_3,63,0
CEI-d1-b1,12_19_3,64,0
CEI-d1-b1,12_19_3,65,0
CEI-d1-b1,12_19_3,66,0
CEI-d1-b1,12_19_3,67,0
CEI-d1-b1,12_19_3,68,0
CEI-d1-b1,12_19_3,69,0
CEI-d1-b1,12_19_3,70,0
CEI-d1-b1,12_19_3,71,0
CEI-d1-b1,12_19_3,72,1
AAR,1_16_1,1,13
AAR,1_16_1,2,5
AAR,1_16_1,3,4
AAR,1_16_1,4,7
AAR,1_16_1,5,5
AAR,1_16_1,6,7
AAR,1_16_1,7,3
AAR,1_16_1,8,7
AAR,1_16_1,9,8
AAR,1_16_1,10,4
AAR,1_16_1,11,26
AAR,1_16_1,12,5
AAR,1_16_1,13,4
AAR,1_16_1,14,6
AAR,1_16_1,15,5
AAR,1_16_1,16,5
AAR,1_16_1,17,8
AAR,1_16_1,18,7
AAR,1_16_1,19,8
AAR,1_16_1,20,4
AAR,1_16_1,21,5
AAR,1_16_1,22,7
AAR,1_16_1,23,5
AAR,1_16_1,24,10
AAR,1_16_1,25,3
AAR,1_16_1,26,1
AAR,1_16_1,27,4
AAR,1_16_1,28,6
AAR,1_16_1,29,4
AAR,1_16_1,30,9
AAR,1_16_1,31,3
AAR,1_16_1,32,5
AAR,1_16_1,33,2
AAR,1_16_1,34,7
AAR,1_16_1,35,7
AAR,1_16_1,36,8
AAR,1_16_1,37,11
AAR,1_16_1,38,3
AAR,1_16_1,39,10
AAR,1_16_1,40,4
AAR,1_16_1,41,2
AAR,1_16_1,42,22
AAR,1_16_1,43,3
AAR,1_16_1,44,1
AAR,1_16_1,45,6
AAR,1_16_1,46,5
AAR,1_16_1,47,2
AAR,1_16_1,48,2
AAR,1_16_1,49,2
AAR,1_16_1,50,3
AAR,1_16_1,51,4
AAR,1_16_1,52,8
AAR,1_16_1,53,22
AAR,1_16_1,54,8
AAR,1_16_1,55,2
AAR,1_16_1,56,2
AAR,1_16_1,57,7
AAR,1_16_1,58,3
AAR,1_16_1,59,3
AAR,1_16_1,60,2
AAR,1_16_1,61,9
AAR,1_16_1,62,9
AAR,1_16_1,63,4
AAR,1_16_1,64,4
AAR,1_16_1,65,2
AAR,1_16_1,66,6
AAR,1_16_1,67,3
AAR,1_16_1,68,9
AAR,1_16_1,69,4
AAR,1_16_1,70,6
CEV,1_16_1,1,1
CEV,1_16_1,2,0
CEV,1_16_1,3,2
CEV,1_16_1,4,1
CEV,1_16_1,5,0
CEV,1_16_1,6,0
CEV,1_16_1,7,2
CEV,1_16_1,8,1
CEV,1_16_1,9,0
CEV,1_16_1,10,2
CEV,1_16_1,11,2
CEV,1_16_1,12,0
CEV,1_16_1,13,4
CEV,1_16_1,14,0
CEV,1_16_1,15,0
CEV,1_16_1,16,0
CEV,1_16_1,17,1
CEV,1_16_1,18,5
CEV,1_16_1,19,1
CEV,1_16_1,20,1
CEV,1_16_1,21,0
CEV,1_16_1,22,0
CEV,1_16_1,23,2
CEV,1_16_1,24,2
CEV,1_16_1,25,0
CEV,1_16_1,26,0
CEV,1_16_1,27,0
CEV,1_16_1,28,0
CEV,1_16_1,29,1
CEV,1_16_1,30,0
CEV,1_16_1,31,1
CEV,1_16_1,32,1
CEV,1_16_1,33,0
CEV,1_16_1,34,2
CEV,1_16_1,35,0
CEV,1_16_1,36,1
CEV,1_16_1,37,1
CEV,1_16_1,38,0
CEV,1_16_1,39,0
CEV,1_16_1,40,0
CEV,1_16_1,41,3
CEV,1_16_1,42,0
CEV,1_16_1,43,1
CEV,1_16_1,44,0
CEV,1_16_1,45,1
CEV,1_16_1,46,1
CEV,1_16_1,47,0
CEV,1_16_1,48,1
CEV,1_16_1,49,0
CEV,1_16_1,50,3
CEV,1_16_1,51,1
CEV,1_16_1,52,2
CEV,1_16_1,53,1
CEV,1_16_1,54,1
CEV,1_16_1,55,0
CEV,1_16_1,56,0
CEV,1_16_1,57,2
CEV,1_16_1,58,0
CEV,1_16_1,59,1
CEV,1_16_1,60,0
CEV,1_16_1,61,0
CEV,1_16_1,62,0
CEV,1_16_1,63,1
CEV,1_16_1,64,0
CEV,1_16_1,65,0
CEV,1_16_1,66,0
CEV,1_16_1,67,0
CEV,1_16_1,68,0
CEV,1_16_1,69,0
CEV,1_16_1,70,0
CEV,1_16_1,71,0
CEV,1_16_1,72,1
CEV,1_16_2,1,0
CEV,1_16_2,2,0
CEV,1_16_2,3,0
CEV,1_16_2,4,1
CEV,1_16_2,5,1
CEV,1_16_2,6,0
CEV,1_16_2,7,0
CEV,1_16_2,8,0
CEV,1_16_2,9,1
CEV,1_16_2,10,2
CEV,1_16_2,11,1
CEV,1_16_2,12,0
CEV,1_16_2,13,1
CEV,1_16_2,14,0
CEV,1_16_2,15,2
CEV,1_16_2,16,0
CEV,1_16_2,17,0
CEV,1_16_2,18,1
CEV,1_16_2,19,4
CEV,1_16_2,20,0
CEV,1_16_2,21,1
CEV,1_16_2,22,1
CEV,1_16_2,23,2
CEV,1_16_2,24,1
CEV,1_16_2,25,2
CEV,1_16_2,26,12
CEV,1_16_2,27,0
CEV,1_16_2,28,0
CEV,1_16_2,29,0
CEV,1_16_2,30,0
CEV,1_16_2,31,0
CEV,1_16_2,32,1
CEV,1_16_2,33,0
CEV,1_16_2,34,0
CEV,1_16_2,35,0
CEV,1_16_2,36,1
CEV,1_16_2,37,0
CEV,1_16_2,38,1
CEV,1_16_2,39,3
CEV,1_16_2,40,0
CEV,1_16_2,41,0
CEV,1_16_2,42,1
CEV,1_16_2,43,0
CEV,1_16_2,44,1
CEV,1_16_2,45,0
CEV,1_16_2,46,2
CEV,1_16_2,47,1
CEV,1_16_2,48,0
CEV,1_16_2,49,2
CEV,1_16_2,50,0
CEV,1_16_2,51,4
CEV,1_16_2,52,5
CEV,1_16_2,53,0
CEV,1_16_2,54,5
CEV,1_16_2,55,0
CEV,1_16_2,56,0
CEV,1_16_2,57,0
CEV,1_16_2,58,1
CEV,1_16_2,59,0
CEV,1_16_2,60,0
CEV,1_16_2,61,1
CEV,1_16_2,62,1
CEV,1_16_2,63,0
CEV,1_16_2,64,2
CEV,1_16_2,65,1
CEV,1_16_2,66,0
CEV,1_16_2,67,0
CEV,1_16_2,68,2
CEV,1_16_2,69,1
CEV,1_16_2,70,2
CEV,1_16_2,71,0
CEV,1_16_2,72,0
AMH-d1-a1,1_16_1,1,0
AMH-d1-a1,1_16_1,2,0
AMH-d1-a1,1_16_1,3,1
AMH-d1-a1,1_16_1,4,0
AMH-d1-a1,1_16_1,5,2
AMH-d1-a1,1_16_1,6,0
AMH-d1-a1,1_16_1,7,0
AMH-d1-a1,1_16_1,8,0
AMH-d1-a1,1_16_1,9,1
AMH-d1-a1,1_16_1,10,0
AMH-d1-a1,1_16_1,11,0
AMH-d1-a1,1_16_1,12,1
AMH-d1-a1,1_16_1,13,0
AMH-d1-a1,1_16_1,14,0
AMH-d1-a1,1_16_1,15,0
AMH-d1-a1,1_16_1,16,0
AMH-d1-a1,1_16_1,17,0
AMH-d1-a1,1_16_1,18,0
AMH-d1-a1,1_16_1,19,0
AMH-d1-a1,1_16_1,20,0
AMH-d1-a1,1_16_1,21,0
AMH-d1-a1,1_16_1,22,0
AMH-d1-a1,1_16_1,23,3
AMH-d1-a1,1_16_1,24,1
AMH-d1-a1,1_16_1,25,0
AMH-d1-a1,1_16_1,26,1
AMH-d1-a1,1_16_1,27,0
AMH-d1-a1,1_16_1,28,0
AMH-d1-a1,1_16_1,29,0
AMH-d1-a1,1_16_1,30,1
AMH-d1-a1,1_16_1,31,1
AMH-d1-a1,1_16_1,32,0
AMH-d1-a1,1_16_1,33,2
AMH-d1-a1,1_16_1,34,0
AMH-d1-a1,1_16_1,35,0
AMH-d1-a1,1_16_1,36,0
AMH-d1-a1,1_16_1,37,0
AMH-d1-a1,1_16_1,38,0
AMH-d1-a1,1_16_1,39,0
AMH-d1-a1,1_16_1,40,11
AMH-d1-a1,1_16_1,41,0
AMH-d1-a1,1_16_1,42,1
AMH-d1-a1,1_16_1,43,0
AMH-d1-a1,1_16_1,44,1
AMH-d1-a1,1_16_1,45,0
AMH-d1-a1,1_16_1,46,0
AMH-d1-a1,1_16_1,47,0
AMH-d1-a1,1_16_1,48,0
AMH-d1-a1,1_16_1,49,0
AMH-d1-a1,1_16_1,50,0
AMH-d1-a1,1_16_1,51,0
AMH-d1-a1,1_16_1,52,0
AMH-d1-a1,1_16_1,53,0
AMH-d1-a1,1_16_1,54,0
AMH-d1-a1,1_16_1,55,0
AMH-d1-a1,1_16_1,56,1
AMH-d1-a1,1_16_1,57,0
AMH-d1-a1,1_16_1,58,0
AMH-d1-a1,1_16_1,59,0
AMH-d1-a1,1_16_1,60,1
AMH-d1-a1,1_16_1,61,0
AMH-d1-a1,1_16_1,62,0
AMH-d1-a1,1_16_1,63,0
AMH-d1-a1,1_16_1,64,1
AMH-d1-a1,1_16_1,65,0
AMH-d1-a1,1_16_1,66,1
AMH-d1-a1,1_16_1,67,0
AMH-d1-a1,1_16_1,68,0
AMH-d1-a1,1_16_1,69,0
AMH-d1-a1,1_16_1,70,0
AMH-d1-a1,1_16_1,71,0
AMH-d1-a1,1_16_1,72,2
AMH-d1-a1,1_16_2,1,0
AMH-d1-a1,1_16_2,2,1
AMH-d1-a1,1_16_2,3,1
AMH-d1-a1,1_16_2,4,0
AMH-d1-a1,1_16_2,5,0
AMH-d1-a1,1_16_2,6,1
AMH-d1-a1,1_16_2,7,0
AMH-d1-a1,1_16_2,8,1
AMH-d1-a1,1_16_2,9,1
AMH-d1-a1,1_16_2,10,0
AMH-d1-a1,1_16_2,11,1
AMH-d1-a1,1_16_2,12,0
AMH-d1-a1,1_16_2,13,0
AMH-d1-a1,1_16_2,14,0
AMH-d1-a1,1_16_2,15,0
AMH-d1-a1,1_16_2,16,0
AMH-d1-a1,1_16_2,17,1
AMH-d1-a1,1_16_2,18,2
AMH-d1-a1,1_16_2,19,1
AMH-d1-a1,1_16_2,20,1
AMH-d1-a1,1_16_2,21,1
AMH-d1-a1,1_16_2,22,1
AMH-d1-a1,1_16_2,23,0
AMH-d1-a1,1_16_2,24,0
AMH-d1-a1,1_16_2,25,0
AMH-d1-a1,1_16_2,26,0
AMH-d1-a1,1_16_2,27,1
AMH-d1-a1,1_16_2,28,0
AMH-d1-a1,1_16_2,29,1
AMH-d1-a1,1_16_2,30,1
AMH-d1-a1,1_16_2,31,0
AMH-d1-a1,1_16_2,32,0
AMH-d1-a1,1_16_2,33,1
AMH-d1-a1,1_16_2,34,0
AMH-d1-a1,1_16_2,35,0
AMH-d1-a1,1_16_2,36,0
AMH-d1-a1,1_16_2,37,0
AMH-d1-a1,1_16_2,38,0
AMH-d1-a1,1_16_2,39,0
AMH-d1-a1,1_16_2,40,0
AMH-d1-a1,1_16_2,41,0
AMH-d1-a1,1_16_2,42,1
AMH-d1-a1,1_16_2,43,0
AMH-d1-a1,1_16_2,44,0
AMH-d1-a1,1_16_2,45,1
AMH-d1-a1,1_16_2,46,0
AMH-d1-a1,1_16_2,47,0
AMH-d1-a1,1_16_2,48,0
AMH-d1-a1,1_16_2,49,0
AMH-d1-a1,1_16_2,50,0
AMH-d1-a1,1_16_2,51,0
AMH-d1-a1,1_16_2,52,0
AMH-d1-a1,1_16_2,53,0
AMH-d1-a1,1_16_2,54,0
AMH-d1-a1,1_16_2,55,0
AMH-d1-a1,1_16_2,56,0
AMH-d1-a1,1_16_2,57,0
AMH-d1-a1,1_16_2,58,0
AMH-d1-a1,1_16_2,59,0
AMH-d1-a1,1_16_2,60,0
AMH-d1-a1,1_16_2,61,0
AMH-d1-a1,1_16_2,62,0
AMH-d1-a1,1_16_2,63,1
AMH-d1-a1,1_16_2,64,0
AMH-d1-a1,1_16_2,65,0
AMH-d1-a1,1_16_2,66,0
AMH-d1-a1,1_16_2,67,0
AMH-d1-a1,1_16_2,68,0
AMH-d1-a1,1_16_2,69,0
AMH-d1-a1,1_16_2,70,0
AMH-d1-a1,1_16_2,71,1
AMH-d1-a1,1_16_2,72,1
AMH-d1-a1,1_16_4,1,0
AMH-d1-a1,1_16_4,2,0
AMH-d1-a1,1_16_4,3,0
AMH-d1-a1,1_16_4,4,0
AMH-d1-a1,1_16_4,5,0
AMH-d1-a1,1_16_4,6,0
AMH-d1-a1,1_16_4,7,0
AMH-d1-a1,1_16_4,8,1
AMH-d1-a1,1_16_4,9,0
AMH-d1-a1,1_16_4,10,0
AMH-d1-a1,1_16_4,11,0
AMH-d1-a1,1_16_4,12,0
AMH-d1-a1,1_16_4,13,0
AMH-d1-a1,1_16_4,14,0
AMH-d1-a1,1_16_4,15,0
AMH-d1-a1,1_16_4,16,0
AMH-d1-a1,1_16_4,17,0
AMH-d1-a1,1_16_4,18,0
AMH-d1-a1,1_16_4,19,0
AMH-d1-a1,1_16_4,20,0
AMH-d1-a1,1_16_4,21,0
AMH-d1-a1,1_16_4,22,0
AMH-d1-a1,1_16_4,23,0
AMH-d1-a1,1_16_4,24,0
AMH-d1-a1,1_16_4,25,0
AMH-d1-a1,1_16_4,26,0
AMH-d1-a1,1_16_4,27,1
AMH-d1-a1,1_16_4,28,0
AMH-d1-a1,1_16_4,29,0
AMH-d1-a1,1_16_4,30,1
AMH-d1-a1,1_16_4,31,0
AMH-d1-a1,1_16_4,32,0
AMH-d1-a1,1_16_4,33,3
AMH-d1-a1,1_16_4,34,0
AMH-d1-a1,1_16_4,35,0
AMH-d1-a1,1_16_4,36,0
AMH-d1-a1,1_16_4,37,0
AMH-d1-a1,1_16_4,38,0
AMH-d1-a1,1_16_4,39,0
AMH-d1-a1,1_16_4,40,0
AMH-d1-a1,1_16_4,41,0
AMH-d1-a1,1_16_4,42,0
AMH-d1-a1,1_16_4,43,0
AMH-d1-a1,1_16_4,44,0
AMH-d1-a1,1_16_4,45,0
AMH-d1-a1,1_16_4,46,0
AMH-d1-a1,1_16_4,47,0
AMH-d1-a1,1_16_4,48,0
AMH-d1-a1,1_16_4,49,0
AMH-d1-a1,1_16_4,50,0
AMH-d1-a1,1_16_4,51,0
AMH-d1-a1,1_16_4,52,0
AMH-d1-a1,1_16_4,53,0
AMH-d1-a1,1_16_4,54,1
AMH-d1-a1,1_16_4,55,0
AMH-d1-a1,1_16_4,56,0
AMH-d1-a1,1_16_4,57,0
AMH-d1-a1,1_16_4,58,0
AMH-d1-a1,1_16_4,59,0
AMH-d1-a1,1_16_4,60,1
AMH-d1-a1,1_16_4,61,0
AMH-d1-a1,1_16_4,62,0
AMH-d1-a1,1_16_4,63,1
AMH-d1-a1,1_16_4,64,0
AMH-d1-a1,1_16_4,65,0
AMH-d1-a1,1_16_4,66,0
AMH-d1-a1,1_16_4,67,1
AMH-d1-a1,1_16_4,68,0
AMH-d1-a1,1_16_4,69,0
AMH-d1-a1,1_16_4,70,0
AMH-d1-a1,1_16_4,71,0
AMH-d1-a1,1_16_4,72,1
AAR,8_15_1,1,6
AAR,8_15_1,2,5
AAR,8_15_1,3,0
AAR,8_15_1,4,4
AAR,8_15_1,5,6
AAR,8_15_1,6,13
AAR,8_15_1,7,8
AAR,8_15_1,8,5
AAR,8_15_1,9,3
AAR,8_15_1,10,1
AAR,8_15_1,11,11
AAR,8_15_1,12,3
AAR,8_15_1,13,3
AAR,8_15_1,14,7
AAR,8_15_1,15,7
AAR,8_15_1,16,5
AAR,8_15_1,17,3
AAR,8_15_1,18,350
AAR,8_15_1,19,4
AAR,8_15_1,20,3
AAR,8_15_1,21,6
AAR,8_15_1,22,10
AAR,8_15_1,23,6
AAR,8_15_1,24,4
AAR,8_15_1,25,6
AAR,8_15_1,26,6
AAR,8_15_1,27,8
AAR,8_15_1,28,4
AAR,8_15_1,29,2
AAR,8_15_1,30,6
AAR,8_15_1,31,3
AAR,8_15_1,32,7
AAR,8_15_1,33,3
AAR,8_15_1,34,25
AAR,8_15_1,35,3
AAR,8_15_1,36,5
AAR,8_15_1,37,14
AAR,8_15_1,38,5
AAR,8_15_1,39,12
AAR,8_15_1,40,3
AAR,8_15_1,41,2
AAR,8_15_1,42,6
AAR,8_15_1,43,2
AAR,8_15_1,44,7
AAR,8_15_1,45,2
AAR,8_15_1,46,5
AAR,8_15_1,47,6
AAR,8_15_1,48,7
AAR,8_15_1,49,7
AAR,8_15_1,50,6
AAR,8_15_1,51,3
AAR,8_15_1,52,5
AAR,8_15_1,53,3
AAR,8_15_1,54,5
AAR,8_15_1,55,4
AAR,8_15_1,56,11
AAR,8_15_1,57,4
AAR,8_15_1,58,2
AAR,8_15_1,59,7
AAR,8_15_1,60,4
AAR,8_15_1,61,3
AAR,8_15_1,62,2
AAR,8_15_1,63,1
AAR,8_15_1,64,5
AAR,8_15_1,65,3
AAR,8_15_1,66,5
AAR,8_15_1,67,4
AAR,8_15_1,68,6
AAR,8_15_2,1,4
AAR,8_15_2,2,4
AAR,8_15_2,3,5
AAR,8_15_2,4,4
AAR,8_15_2,5,3
AAR,8_15_2,6,6
AAR,8_15_2,7,5
AAR,8_15_2,8,1
AAR,8_15_2,9,8
AAR,8_15_2,10,6
AAR,8_15_2,11,4
AAR,8_15_2,12,8
AAR,8_15_2,13,9
AAR,8_15_2,14,3
AAR,8_15_2,15,6
AAR,8_15_2,16,3
AAR,8_15_2,17,4
AAR,8_15_2,18,4
AAR,8_15_2,19,75
AAR,8_15_2,20,3
AAR,8_15_2,21,6
AAR,8_15_2,22,4
AAR,8_15_2,23,2
AAR,8_15_2,24,5
AAR,8_15_2,25,6
AAR,8_15_2,26,5
AAR,8_15_2,27,5
AAR,8_15_2,28,5
AAR,8_15_2,29,3
AAR,8_15_2,30,16
AAR,8_15_2,31,2
AAR,8_15_2,32,2
AAR,8_15_2,33,7
AAR,8_15_2,34,8
AAR,8_15_2,35,5
AAR,8_15_2,36,7
AAR,8_15_2,37,5
AAR,8_15_2,38,7
AAR,8_15_2,39,5
AAR,8_15_2,40,5
AAR,8_15_2,41,6
AAR,8_15_2,42,5
AAR,8_15_2,43,9
AAR,8_15_2,44,3
AAR,8_15_2,45,7
AAR,8_15_2,46,5
AAR,8_15_2,47,3
AAR,8_15_2,48,2
AAR,8_15_2,49,3
AAR,8_15_2,50,6
AAR,8_15_2,51,15
AAR,8_15_2,52,4
AAR,8_15_2,53,6
AAR,8_15_2,54,5
AAR,8_15_2,55,16
AAR,8_15_2,56,3
AAR,8_15_2,57,9
AAR,8_15_2,58,1
AAR,8_15_2,59,6
AAR,8_15_2,60,6
AAR,8_15_2,61,8
AAR,8_15_2,62,12
AAR,8_15_2,63,7
AAR,8_15_2,64,8
AAR,8_15_2,65,4
AAR,8_15_2,66,120
AAR,8_15_2,67,7
AAR,8_15_2,68,1
AAR,8_15_2,69,9
AAR,8_15_2,70,10
AAR,8_15_2,71,21
AAR,8_15_2,72,5
AAR,8_15_3,1,4
AAR,8_15_3,2,1
AAR,8_15_3,3,0
AAR,8_15_3,4,0
AAR,8_15_3,5,2
AAR,8_15_3,6,2
AAR,8_15_3,7,7
AAR,8_15_3,8,9
AAR,8_15_3,9,6
AAR,8_15_3,10,43
AAR,8_15_3,11,5
AAR,8_15_3,12,1
AAR,8_15_3,13,4
AAR,8_15_3,14,2
AAR,8_15_3,15,5
AAR,8_15_3,16,12
AAR,8_15_3,17,2
AAR,8_15_3,18,3
AAR,8_15_3,19,5
AAR,8_15_3,20,11
AAR,8_15_3,21,7
AAR,8_15_3,22,4
AAR,8_15_3,23,6
AAR,8_15_3,24,0
AAR,8_15_3,25,4
AAR,8_15_3,26,2
AAR,8_15_3,27,8
AAR,8_15_3,28,2
AAR,8_15_3,29,4
AAR,8_15_3,30,4
AAR,8_15_3,31,1
AAR,8_15_3,32,2
AAR,8_15_3,33,3
AAR,8_15_3,34,3
AAR,8_15_3,35,0
AAR,8_15_3,36,5
AAR,8_15_3,37,7
AAR,8_15_3,38,2
AAR,8_15_3,39,6
AAR,8_15_3,40,2
AAR,8_15_3,41,6
AAR,8_15_3,42,5
AAR,8_15_3,43,13
AAR,8_15_3,44,1
AAR,8_15_3,45,3
AAR,8_15_3,46,5
AAR,8_15_3,47,3
AAR,8_15_3,48,14
AAR,8_15_3,49,6
AAR,8_15_3,50,5
AAR,8_15_3,51,2
AAR,8_15_3,52,5
AAR,8_15_3,53,4
AAR,8_15_3,54,8
AAR,8_15_3,55,11
AAR,8_15_3,56,6
AAR,8_15_3,57,7
AAR,8_15_3,58,1
AAR,8_15_3,59,7
AAR,8_15_3,60,2
AAR,8_15_3,61,6
AAR,8_15_3,62,3
AAR,8_15_3,63,4
AAR,8_15_3,64,3
AAR,8_15_3,65,3
AAR,8_15_3,66,4
AAR,8_15_3,67,6
AAR,8_15_3,68,5
AAR,8_15_3,69,4
AAR,8_15_3,70,5
GIL,8_15_1,1,1
GIL,8_15_1,2,0
GIL,8_15_1,3,5
GIL,8_15_1,4,5
GIL,8_15_1,5,2
GIL,8_15_1,6,12
GIL,8_15_1,7,2
GIL,8_15_1,8,3
GIL,8_15_1,9,9
GIL,8_15_1,10,0
GIL,8_15_1,11,4
GIL,8_15_1,12,1
GIL,8_15_1,13,4
GIL,8_15_1,14,3
GIL,8_15_1,15,2
GIL,8_15_1,16,3
GIL,8_15_1,17,2
GIL,8_15_1,18,2
GIL,8_15_1,19,6
GIL,8_15_1,20,4
GIL,8_15_1,21,0
GIL,8_15_1,22,3
GIL,8_15_1,23,0
GIL,8_15_1,24,1
GIL,8_15_1,25,11
GIL,8_15_1,26,7
GIL,8_15_1,27,2
GIL,8_15_1,28,7
GIL,8_15_1,29,4
GIL,8_15_1,30,2
GIL,8_15_1,31,0
GIL,8_15_1,32,0
GIL,8_15_1,33,1
GIL,8_15_1,34,3
GIL,8_15_1,35,1
GIL,8_15_1,36,2
GIL,8_15_1,37,1
GIL,8_15_1,38,15
GIL,8_15_1,39,4
GIL,8_15_1,40,1
GIL,8_15_1,41,0
GIL,8_15_1,42,300
GIL,8_15_1,43,0
GIL,8_15_1,44,1
GIL,8_15_1,45,3
GIL,8_15_1,46,2
GIL,8_15_1,47,2
GIL,8_15_1,48,1
GIL,8_15_1,49,3
GIL,8_15_1,50,0
GIL,8_15_1,51,0
GIL,8_15_1,52,1
GIL,8_15_1,53,2
GIL,8_15_1,54,1
GIL,8_15_1,55,2
GIL,8_15_1,56,0
GIL,8_15_1,57,1
GIL,8_15_1,58,8
GIL,8_15_1,59,7
GIL,8_15_1,60,2
GIL,8_15_1,61,1
GIL,8_15_1,62,2
GIL,8_15_1,63,2
GIL,8_15_1,64,2
GIL,8_15_1,65,5
GIL,8_15_1,66,2
GIL,8_15_1,67,1
GIL,8_15_1,68,3
GIL,8_15_1,69,2
GIL,8_15_1,70,2
GIL,8_15_1,71,0
GIL,8_15_1,72,1
GIL,8_15_2,1,1
GIL,8_15_2,2,3
GIL,8_15_2,3,1
GIL,8_15_2,4,2
GIL,8_15_2,5,1
GIL,8_15_2,6,8
GIL,8_15_2,7,3
GIL,8_15_2,8,0
GIL,8_15_2,9,3
GIL,8_15_2,10,5
GIL,8_15_2,11,2
GIL,8_15_2,12,5
GIL,8_15_2,13,1
GIL,8_15_2,14,2
GIL,8_15_2,15,2
GIL,8_15_2,16,2
GIL,8_15_2,17,3
GIL,8_15_2,18,3
GIL,8_15_2,19,0
GIL,8_15_2,20,4
GIL,8_15_2,21,8
GIL,8_15_2,22,0
GIL,8_15_2,23,3
GIL,8_15_2,24,1
GIL,8_15_2,25,0
GIL,8_15_2,26,1
GIL,8_15_2,27,1
GIL,8_15_2,28,0
GIL,8_15_2,29,0
GIL,8_15_2,30,1
GIL,8_15_2,31,200
GIL,8_15_2,32,1
GIL,8_15_2,33,3
GIL,8_15_2,34,0
GIL,8_15_2,35,2
GIL,8_15_2,36,3
GIL,8_15_2,37,1
GIL,8_15_2,38,4
GIL,8_15_2,39,9
GIL,8_15_2,40,4
GIL,8_15_2,41,6
GIL,8_15_2,42,0
GIL,8_15_2,43,5
GIL,8_15_2,44,4
GIL,8_15_2,45,1
GIL,8_15_2,46,0
GIL,8_15_2,47,0
GIL,8_15_2,48,3
GIL,8_15_2,49,3
GIL,8_15_2,50,2
GIL,8_15_2,51,2
GIL,8_15_2,52,1
GIL,8_15_2,53,1
GIL,8_15_2,54,3
GIL,8_15_2,55,3
GIL,8_15_2,56,1
GIL,8_15_2,57,1
GIL,8_15_2,58,0
GIL,8_15_2,59,4
GIL,8_15_2,60,2
GIL,8_15_2,61,2
GIL,8_15_2,62,3
GIL,8_15_2,63,3
GIL,8_15_2,64,1
GIL,8_15_2,65,2
GIL,8_15_2,66,0
GIL,8_15_2,67,3
GIL,8_15_2,68,1
GIL,8_15_2,69,0
GIL,8_15_2,70,3
GIL,8_15_2,71,0
GIL,8_15_2,72,1